mbti,function_pair,playlist_name,playlist_id,track_count,danceability_mean,danceability_stdev,energy_mean,energy_stdev,loudness_mean,loudness_stdev,mode_mean,mode_stdev,speechiness_mean,speechiness_stdev,acousticness_mean,acousticness_stdev,liveness_mean,liveness_stdev,valence_mean,valence_stdev,tempo_mean,tempo_stdev,instrumentalness_mean,instrumentalness_stdev,Cminor_count,CMajor_count,C#/Dbminor_count,C#/DbMajor_count,DMajor_count,D#_Ebminor_count,D#_EbMajor_count,EMajor_count,Fminor_count,FMajor_count,F#/Gbminor_count,F#/GbMajor_count,Gminor_count,GMajor_count,G#/Abminor_count,G#/AbMajor_count,AMajor_count,A#/Bbminor_count,A#/BbMajor_count,Bminor_count,BMajor_count,Dminor_count,Eminor_count,Aminor_count
ESFJ,SJ,‚òÖ‚îÅ ESFJ Vibes ‚îÅ‚òÖ,1WbGBiriToKwYWxzEz0LkL,50,0.5798000000000001,0.1219797574374117,0.61224,0.20427877710499,-7.30774,4.35330461767675,0.66,0.4785181206984066,0.0570639999999999,0.0509353001365457,0.30753608,0.336076562620802,0.155468,0.0972857508705616,0.4632820000000001,0.2326137849197546,126.45654,27.46929080621352,0.066848142,0.1770224958027692,1.0,5.0,3.0,5.0,2.0,1.0,2.0,2.0,2.0,2.0,4.0,1.0,1.0,4.0,1.0,3.0,3.0,1.0,3.0,3.0,1.0,0.0,0.0,0.0
ESFJ,SJ,esfj girl.,5Xnk0CNixQOMFuLWNiSCQZ,50,0.59564,0.1406220524407642,0.5649599999999999,0.1756556185452962,-7.004459999999998,2.894003767186525,0.4,0.4948716593053936,0.1134139999999999,0.1168960256826901,0.29263984,0.2970575998987511,0.179176,0.1368122213182755,0.3912799999999999,0.2005822188794715,130.0979,34.47313878964612,0.0109651752,0.0601626643993017,2.0,4.0,3.0,1.0,1.0,0.0,1.0,2.0,0.0,0.0,2.0,0.0,3.0,6.0,6.0,3.0,1.0,2.0,0.0,2.0,1.0,3.0,4.0,3.0
ESFJ,SJ,This Is SFJAZZ Collective,37i9dQZF1DZ06evO2mIPPY,50,0.45012,0.0988285755585841,0.500158,0.1854838439413667,-13.18464,3.241456423477897,0.5,0.5050762722761054,0.070518,0.0364173242581391,0.5843256,0.2595222004436268,0.667196,0.2155547479677229,0.437076,0.2134799427179451,119.57963999999998,27.492813565462992,0.40607808,0.3096169405150691,1.0,8.0,3.0,6.0,0.0,0.0,1.0,0.0,6.0,4.0,1.0,1.0,2.0,2.0,1.0,1.0,2.0,4.0,0.0,2.0,0.0,0.0,0.0,5.0
ESFJ,SJ,ESFJ (PDB),1JCPkiu7X1K0bTkT5PjHnl,50,0.6302400000000001,0.1019528822745175,0.67202,0.1938495619109344,-5.73424,2.8243774864777635,0.6,0.4948716593053935,0.0763959999999999,0.0692531557079546,0.25452714,0.2686108700342781,0.172012,0.1463888540420858,0.5469180000000001,0.2353904300674667,117.41988,26.52458052036308,0.00838526,0.0536929810271401,1.0,5.0,3.0,4.0,0.0,1.0,2.0,3.0,2.0,4.0,1.0,2.0,2.0,3.0,0.0,2.0,3.0,3.0,1.0,4.0,1.0,0.0,2.0,1.0
ESFJ,SJ,ESFJ,7mCdobNDA0ZDlU0GGyuWww,50,0.60638,0.1220685471531533,0.57806,0.1951055611713823,-7.174740000000001,1.898640596504214,0.56,0.5014265364224069,0.0749679999999999,0.084097619272765,0.4295244000000001,0.2917039718210282,0.1740939999999999,0.1360296417427211,0.403834,0.2285501593764931,114.3671,23.708237570601515,0.0006881758,0.0028446852247319,1.0,6.0,6.0,0.0,3.0,0.0,1.0,3.0,3.0,3.0,3.0,1.0,2.0,0.0,1.0,5.0,1.0,2.0,3.0,3.0,2.0,1.0,0.0,0.0
ESFJ,SJ,This Is EDF,37i9dQZF1DZ06evO1pDV5j,50,0.6587199999999999,0.1245519381869364,0.6523400000000001,0.1716393478031355,-8.294580000000002,3.981055829032991,0.56,0.5014265364224069,0.3357220000000001,0.1441968230989737,0.13397,0.1533171502048572,0.241712,0.1693144805456668,0.4183,0.1757603017563106,128.236,22.4389293807682,0.0078145472,0.0525844171612842,0.0,2.0,3.0,15.0,6.0,0.0,1.0,1.0,3.0,0.0,1.0,1.0,1.0,0.0,1.0,2.0,0.0,1.0,0.0,8.0,0.0,0.0,4.0,0.0
ESFJ,SJ,ESFJ,6BQWUdk1xVfWdgKQKuUnUu,50,0.62312,0.1256162994753369,0.53772,0.1417643978218647,-7.34362,2.078080824673947,0.78,0.4184519575964802,0.084626,0.0767477442598777,0.3269122,0.2634536361122684,0.15756,0.120637640925887,0.492818,0.2001260803511993,115.11968,28.81778534200641,0.0004633057999999,0.0015657287131362,1.0,8.0,1.0,2.0,5.0,0.0,1.0,0.0,0.0,3.0,2.0,2.0,2.0,5.0,0.0,3.0,5.0,1.0,2.0,2.0,3.0,0.0,1.0,1.0
ESFJ,SJ,|ESFJ vibes|,4nOkl70qd78MbPq4DL6FLb,50,0.6727599999999999,0.148067491505787,0.6903800000000001,0.1349072077165544,-5.557500000000001,1.7388455852627498,0.7,0.4629100498862757,0.079414,0.0783805161389237,0.1825314,0.1801316108306618,0.17149,0.1207823464090743,0.48046,0.2115311729813295,117.17158,32.93562882232615,0.003381272,0.0211620640246992,0.0,6.0,4.0,4.0,4.0,2.0,0.0,1.0,2.0,1.0,1.0,2.0,2.0,5.0,1.0,3.0,2.0,0.0,4.0,1.0,3.0,0.0,2.0,0.0
ESFJ,SJ,Esfj üòá,0pV8ICgtqsaD7BT1Xvnflp,50,0.6057000000000001,0.1324821512814585,0.56874,0.1721160986908878,-7.2835,2.461333662460086,0.8,0.4040610178208843,0.103636,0.0982881701520418,0.312685552,0.2904570298722878,0.1512639999999999,0.1040645909313743,0.4424280000000001,0.2225537046308102,127.45984,33.19582578833966,0.0236038822,0.0975991051525872,2.0,5.0,2.0,5.0,7.0,0.0,0.0,4.0,0.0,3.0,1.0,0.0,1.0,3.0,0.0,8.0,4.0,1.0,1.0,2.0,0.0,0.0,1.0,0.0
ESFJ,SJ,ESFJ vibes,6VfTmFmtJUSQhyQFsQvOsI,34,0.5131176470588236,0.1369728494896934,0.5677058823529412,0.1557022273466665,-7.7681764705882355,2.8976643517128005,0.5294117647058824,0.5066403971048988,0.0481882352941176,0.0397140442657627,0.3438520882352942,0.2760113204437695,0.154385294117647,0.0992355420577054,0.3349705882352941,0.2086451424605202,126.68679411764704,34.130001089221594,0.0628786282352941,0.2049375027673469,2.0,2.0,2.0,1.0,0.0,0.0,1.0,1.0,1.0,2.0,1.0,2.0,3.0,1.0,0.0,4.0,2.0,1.0,2.0,2.0,0.0,0.0,3.0,1.0
ESFJ,SJ,esfj ‚ôéÔ∏é,00Nk7vRZ0qMwObSUhY7hR3,50,0.6713799999999999,0.1378943532312372,0.65074,0.1329108662500811,-6.44192,2.2551974422816,0.52,0.5046720495044484,0.090954,0.0715724072074524,0.144251,0.1767464309399202,0.1591919999999999,0.0843203774727251,0.39497,0.1992757204355363,113.0478,22.28900855780256,0.0184846086,0.0603101400754663,3.0,4.0,2.0,3.0,3.0,2.0,0.0,0.0,4.0,2.0,0.0,2.0,3.0,1.0,0.0,3.0,3.0,2.0,3.0,2.0,2.0,0.0,2.0,4.0
ESFJ,SJ,esfj // the authentic ,3aVsLjJaHunrEhlVRp9AxT,36,0.5741111111111112,0.1480613343522161,0.556377777777778,0.2015358048459891,-8.281972222222223,3.668814900023565,0.7777777777777778,0.421637021355784,0.0468222222222222,0.0275548710872491,0.31524575,0.3315520379883828,0.1548611111111111,0.1022104810889981,0.4368027777777777,0.2177117366560144,118.96836111111112,29.20339920347119,0.0939414611111111,0.2288421137897608,0.0,9.0,0.0,2.0,2.0,0.0,0.0,2.0,0.0,2.0,0.0,2.0,0.0,3.0,0.0,0.0,3.0,1.0,3.0,2.0,0.0,1.0,2.0,2.0
ESFJ,SJ,esfj x istj,3bF3pdi4J3BWhPzcFbVcyK,50,0.54564,0.1145525028900169,0.51282,0.1825284646518544,-7.748660000000001,2.497990478977297,0.8,0.4040610178208843,0.052866,0.0452146337607908,0.47014816,0.3231055308003405,0.1447519999999999,0.1000042718271248,0.359942,0.162062840029315,115.66372,29.1491557220403,0.0073638672,0.0405738688487735,0.0,9.0,3.0,2.0,4.0,0.0,1.0,1.0,2.0,3.0,1.0,2.0,1.0,5.0,0.0,2.0,6.0,0.0,5.0,1.0,0.0,0.0,0.0,2.0
ESFJ,SJ,istp x esfj,07uL3T6J8OCQkntU1pvQRC,39,0.5791282051282051,0.1385318089042101,0.5322820512820514,0.1698671227936937,-8.004615384615384,2.604248427952665,0.9487179487179488,0.223455865030959,0.0480128205128205,0.0204733868265889,0.4048648717948718,0.2955245820113945,0.1492230769230769,0.0934408832576384,0.4632923076923077,0.2476580318276492,124.95520512820512,27.958683611225418,0.025972364102564,0.1023939762062584,0.0,6.0,0.0,3.0,4.0,0.0,0.0,3.0,0.0,3.0,0.0,1.0,0.0,5.0,1.0,4.0,2.0,0.0,3.0,1.0,3.0,0.0,0.0,0.0
ESFJ,SJ,esfj'22,4HZevNE1zQvzKrF813uoV6,35,0.7187428571428572,0.1034147397780478,0.696657142857143,0.14616951135726,-5.306628571428571,1.9346762624108809,0.7142857142857143,0.4583492485141057,0.0737457142857142,0.0495931585821195,0.2004517142857143,0.2048641796049521,0.1603885714285714,0.1248389003556856,0.6423142857142856,0.1880400100461369,116.44554285714284,24.147228725835497,4.277142857142857e-06,1.4710927025499783e-05,1.0,6.0,2.0,0.0,5.0,0.0,1.0,0.0,0.0,1.0,1.0,3.0,0.0,3.0,0.0,4.0,1.0,1.0,1.0,3.0,0.0,0.0,1.0,1.0
ESFJ,SJ,esfj ,4Jmai8aXyAbOZJEO3kmkTj,50,0.7491400000000001,0.1118170900741611,0.6734600000000001,0.1249176398059692,-6.270740000000001,1.6107821627763224,0.7,0.4629100498862757,0.21678,0.1233595375729176,0.1641044,0.1859366476502912,0.176678,0.1198811337985103,0.481232,0.2296170089340873,127.07146,28.96111066917574,0.0046733414,0.0329493021694463,2.0,1.0,0.0,12.0,3.0,0.0,0.0,1.0,2.0,3.0,3.0,0.0,0.0,3.0,2.0,7.0,3.0,0.0,1.0,4.0,1.0,0.0,2.0,0.0
ESFJ,SJ,Esfj's playlist,62DySUoJvxpJPj8Za7Z95R,50,0.59276,0.135359922323517,0.7351799999999998,0.160878923924998,-5.96788,2.533816365299826,0.58,0.4985693819032897,0.092526,0.0904063904414564,0.089662566,0.1656956618802808,0.242182,0.1843621897687444,0.500326,0.2171948366451332,118.7808,28.20349819741212,0.1641283971999999,0.3134236390759252,2.0,5.0,2.0,4.0,2.0,2.0,0.0,0.0,0.0,1.0,2.0,0.0,0.0,2.0,2.0,6.0,3.0,1.0,2.0,4.0,4.0,0.0,5.0,1.0
ESFJ,SJ,!! esfj?...,08kKwo07PepNFa9LKi2J4a,50,0.7491600000000002,0.1016814473475563,0.74956,0.134473297554206,-5.18802,1.9333875683338184,0.4,0.4948716593053935,0.093612,0.0879355599868681,0.141564098,0.1755562941711308,0.176934,0.1600606512723045,0.64998,0.2036957004144833,124.64432,19.84735633702836,0.002366332,0.0109376942914883,2.0,7.0,3.0,2.0,3.0,2.0,0.0,1.0,2.0,0.0,3.0,1.0,2.0,3.0,1.0,0.0,0.0,3.0,0.0,5.0,3.0,0.0,3.0,4.0
ESFJ,SJ,üíé Playlist for an ESFJ: The Provider,7zNQqbEI26asaE4fwFHKgj,21,0.6338095238095238,0.1310448850766862,0.5840000000000001,0.1443786687845542,-6.715809523809523,1.986247457368986,0.7142857142857143,0.4629100498862757,0.0658904761904761,0.0445170743059548,0.2083266666666666,0.2142311230501612,0.1535,0.074224618557457,0.3963857142857143,0.1867895454400869,116.30004761904762,31.62853380964124,7.652380952380952e-06,2.228339491746307e-05,0.0,1.0,2.0,3.0,1.0,1.0,2.0,3.0,0.0,0.0,0.0,0.0,0.0,1.0,0.0,3.0,0.0,0.0,0.0,0.0,1.0,1.0,2.0,0.0
ESFJ,SJ,ESFJ songs,6PsawaiOyvzoNX6h6B8DUE,50,0.59982,0.1256397002770791,0.62412,0.1739849442231325,-6.62818,2.6232327438035816,0.7,0.4629100498862757,0.06984,0.0671887715351915,0.31601722,0.2858103535261565,0.162078,0.1381838147142406,0.53888,0.250758656228393,123.96956,27.13027486200911,0.0131069847999999,0.063503912906612,2.0,5.0,3.0,4.0,2.0,1.0,1.0,4.0,1.0,3.0,1.0,4.0,3.0,3.0,0.0,1.0,5.0,2.0,2.0,1.0,1.0,0.0,1.0,0.0
ESFJ,SJ,90s Esfj,4Pakq0h41gItdq7U8tefvH,25,0.55484,0.1262390853367793,0.6228000000000001,0.2225310839710563,-8.2838,2.694528019895136,0.92,0.2768874620972691,0.03632,0.0112154655127046,0.3127284,0.2703306905390753,0.193816,0.1536422377906978,0.490208,0.2335232999081676,112.933,26.711439141311725,0.0173740584,0.0843057451637945,0.0,2.0,0.0,2.0,2.0,0.0,0.0,4.0,0.0,2.0,0.0,2.0,1.0,5.0,0.0,3.0,0.0,0.0,1.0,0.0,0.0,0.0,1.0,0.0
ESFJ,SJ,ESFJ Playlist,4gSwqkPdTwgGI6Zm5wrw1h,50,0.58894,0.1381215687541306,0.58616,0.2037505838228771,-7.12696,3.4709814936094943,0.62,0.4903143514780145,0.07021,0.0626457720449037,0.35560902,0.3215891450032764,0.151146,0.1219976751367644,0.4722,0.2534219680247768,122.7522,29.10487510044056,0.0101538743999999,0.0552425882969817,2.0,6.0,4.0,4.0,1.0,1.0,0.0,4.0,2.0,2.0,0.0,2.0,3.0,3.0,0.0,2.0,5.0,3.0,1.0,0.0,1.0,0.0,2.0,2.0
ESFJ,SJ,‚ú® insecure esfj things ‚ú® ,3KUUbVw5iQldsOznrhXkKA,40,0.58825,0.0996948549452984,0.53255,0.1835602255671321,-7.716675,2.621949816526742,0.8,0.4050957468334667,0.067815,0.0616721087688754,0.436983425,0.3441973534754173,0.17268,0.1392723548322237,0.4105724999999999,0.2138593055204573,127.682075,25.31007715129464,0.02037943625,0.093443287398814,0.0,5.0,1.0,3.0,4.0,0.0,0.0,1.0,0.0,4.0,1.0,2.0,1.0,3.0,2.0,3.0,4.0,0.0,1.0,0.0,2.0,0.0,3.0,0.0
ESFJ,SJ,esfjü´∂,1gwlpFIAWQwSUaz81VDbGF,50,0.55742,0.1306561291391745,0.61256,0.1651889653872627,-7.37032,2.19226292963528,0.78,0.4184519575964802,0.046502,0.0226257167210865,0.37190516,0.2974905623884192,0.1598699999999999,0.1102697939101166,0.536656,0.2618572170212661,122.9504,30.38718463901705,0.0488218696,0.1660816836218668,1.0,7.0,1.0,2.0,3.0,0.0,0.0,3.0,0.0,3.0,1.0,2.0,3.0,4.0,1.0,1.0,8.0,1.0,4.0,0.0,2.0,0.0,3.0,0.0
ESFJ,SJ,esfj,1DY8jnxmMPVeavNfmYIAge,50,0.60134,0.1526815560276368,0.63092,0.198120952543477,-6.008380000000001,2.310963770060148,0.72,0.4535573676110727,0.065536,0.0368013296121823,0.245250452,0.3013643269500388,0.164598,0.1313249381636004,0.4729940000000001,0.2202255637814492,130.62892,28.315029004111462,0.0132012461999999,0.0785569671093652,0.0,3.0,2.0,2.0,7.0,0.0,1.0,5.0,1.0,3.0,2.0,1.0,1.0,6.0,1.0,1.0,2.0,2.0,3.0,3.0,2.0,0.0,2.0,0.0
ESFJ,SJ,ESFJ,1Kr7ugI2dAMpfaePMPHy6H,50,0.6057000000000001,0.1324821512814585,0.56874,0.1721160986908878,-7.2835,2.461333662460086,0.8,0.4040610178208843,0.103636,0.0982881701520418,0.312685552,0.2904570298722878,0.1512639999999999,0.1040645909313743,0.4424280000000001,0.2225537046308102,127.45984,33.19582578833966,0.0236038822,0.0975991051525872,2.0,5.0,2.0,5.0,7.0,0.0,0.0,4.0,0.0,3.0,1.0,0.0,1.0,3.0,0.0,8.0,4.0,1.0,1.0,2.0,0.0,0.0,1.0,0.0
ESFJ,SJ,Pinches ESFJs,7IQao2YE8ZWxqHqsbbrK6a,16,0.540375,0.1288067674205565,0.6123749999999999,0.2541030958751454,-7.38675,3.5323069987379827,0.75,0.4472135954999579,0.05471875,0.0392114306250953,0.4463055625,0.3505802637348483,0.1885437499999999,0.1573931297473516,0.5865625,0.2582321871881969,123.10425,42.602415188969424,0.0479655224999999,0.1640475553376523,0.0,0.0,1.0,2.0,3.0,1.0,0.0,0.0,0.0,2.0,0.0,0.0,0.0,3.0,0.0,0.0,0.0,0.0,1.0,0.0,1.0,2.0,0.0,0.0
ESFJ,SJ,energy as a consul; esfj,19vWt4LqqznZOHJtsQjumb,16,0.617625,0.1567617619191619,0.6545,0.122135989781882,-5.531,1.588823715835083,0.4375,0.51234753829798,0.07530625,0.0552237686598805,0.2324956249999999,0.2469524836608249,0.19971875,0.1850952735530182,0.5086875,0.1888232749601242,121.3428125,32.29569631229265,0.015507066875,0.0619981196805867,1.0,1.0,2.0,1.0,0.0,0.0,0.0,1.0,1.0,1.0,0.0,0.0,1.0,0.0,0.0,0.0,2.0,1.0,1.0,1.0,0.0,0.0,0.0,2.0
ESFJ,SJ,esfj,46Pa7S2PLPNdvsDLQKcyRP,24,0.5445,0.1742097686074488,0.5398458333333332,0.2282943637140943,-9.155625,5.4703223083844605,0.875,0.3378319623460881,0.0421041666666666,0.0187066479502938,0.4003614166666667,0.3330985318948651,0.1842291666666666,0.0981622148113349,0.4413333333333333,0.2357145780787445,128.667625,35.80150644488059,0.0607401458333333,0.1987362119470889,0.0,5.0,0.0,0.0,0.0,0.0,0.0,3.0,1.0,4.0,0.0,1.0,1.0,2.0,0.0,1.0,3.0,0.0,2.0,1.0,0.0,0.0,0.0,0.0
ESFJ,SJ,‚ôâÔ∏è ESFJ  ‚ôâÔ∏è,6QQwyYpSdkRvmgYKITxZHz,50,0.5599600000000001,0.1469170194778158,0.6274400000000001,0.2091640465456407,-7.64498,3.611967085132647,0.68,0.4712120714991611,0.053234,0.0391690194632733,0.3181255199999999,0.3331343455152701,0.1641659999999999,0.0983037724482179,0.508082,0.2386440400107513,123.7224,25.10797460764128,0.046468977,0.1659020497674085,1.0,7.0,2.0,2.0,2.0,1.0,2.0,3.0,1.0,3.0,3.0,0.0,2.0,4.0,1.0,3.0,5.0,2.0,1.0,1.0,2.0,1.0,0.0,1.0
ESFJ,SJ,POV: Elijah‚Äôs ESFJ Playlist,5v1lQp6AhfMcLyvaEOHeMn,34,0.6027941176470588,0.1173861226147758,0.6094999999999999,0.1977422947968268,-7.011852941176471,2.925709042601602,0.6176470588235294,0.4932702180563816,0.0741147058823529,0.0813074491810874,0.3289771176470588,0.3285963312048059,0.1505647058823529,0.1044164792588792,0.4874058823529412,0.2758001054136266,127.91299999999998,29.991714831690675,0.0549336188235294,0.1900687043371522,2.0,1.0,1.0,0.0,4.0,0.0,2.0,1.0,0.0,1.0,0.0,3.0,3.0,1.0,1.0,1.0,5.0,1.0,2.0,4.0,0.0,0.0,1.0,0.0
ESFJ,SJ,"esfj, by infp >:D",4qdDXPabceqO5aTcPEIhR2,29,0.6692758620689656,0.1089308091508826,0.6763103448275862,0.1656060522203814,-5.412172413793104,1.6041700361639064,0.6206896551724138,0.49380397379124,0.0649137931034482,0.0408320928064636,0.246151724137931,0.2790118066123081,0.1385103448275862,0.0975546635951483,0.6566551724137932,0.2199169122097299,115.42920689655172,23.90867111736916,7.606896551724138e-06,1.8856460829769462e-05,0.0,3.0,4.0,3.0,1.0,0.0,0.0,1.0,2.0,1.0,0.0,1.0,2.0,3.0,0.0,1.0,1.0,1.0,2.0,1.0,1.0,0.0,0.0,1.0
ESFJ,SJ,Life & Times of an ESFJ,0HpYgOxkSnFjZRXTwhImW8,50,0.5865102040816326,0.1296990302021343,0.7818979591836736,0.1630566421137604,-5.085632653061224,1.8959285510214328,0.7142857142857143,0.4564354645876384,0.0820918367346938,0.0757189013081022,0.1431046673469388,0.2215871796272325,0.2051530612244898,0.1862547025156242,0.5645204081632653,0.2272471570958881,125.52391836734694,29.494827109905174,0.0122638636734693,0.0456749880584119,2.0,7.0,2.0,2.0,3.0,0.0,1.0,1.0,2.0,2.0,0.0,2.0,0.0,6.0,0.0,3.0,1.0,1.0,7.0,2.0,0.0,0.0,4.0,1.0
ESFJ,SJ,esfj: the consul,6VGdnZIsShIgKpYYCFIZWU,49,0.5663877551020408,0.1248595571576539,0.6425510204081633,0.1961809391463751,-6.627959183673469,2.353035742744392,0.6938775510204082,0.4656573146573319,0.0640836734693877,0.0588348335984544,0.2944837142857143,0.2989773463194299,0.1851326530612245,0.1598575751355915,0.5046326530612245,0.2287628588259713,123.85818367346938,26.596506339080094,0.0148379853061224,0.064275169161553,1.0,4.0,3.0,1.0,7.0,0.0,2.0,3.0,1.0,3.0,0.0,2.0,3.0,3.0,0.0,0.0,3.0,2.0,4.0,3.0,2.0,1.0,0.0,1.0
ESFJ,SJ,ESFJ,67rFYnO5YNJsGsLSctQyzZ,50,0.5025799999999999,0.1191231724060505,0.63216,0.1285244930202895,-6.31662,2.549964408635172,0.82,0.3880879344916035,0.0573439999999999,0.0501438834245809,0.218769,0.2000462104701545,0.179116,0.1641803865588464,0.274624,0.1298232056235223,131.87828,27.97253434414347,0.0196716442,0.0847211174780552,2.0,4.0,1.0,3.0,8.0,0.0,2.0,4.0,2.0,5.0,0.0,0.0,0.0,2.0,1.0,4.0,5.0,0.0,0.0,1.0,4.0,0.0,2.0,0.0
ESFJ,SJ,ESFJ | KPOP,2ndIXL3CGNGzvrm2QRgzdT,45,0.6779111111111111,0.1120772505953376,0.7648222222222223,0.1402587363814216,-3.773622222222222,1.30467114088516,0.5111111111111111,0.5055250296034369,0.08454,0.0608899805162781,0.2038673333333333,0.1876378402958984,0.1933333333333333,0.1250575685616246,0.6172444444444444,0.1651741719237819,123.3117111111111,28.50761789227433,1.845422222222222e-05,7.41585324732486e-05,1.0,5.0,2.0,2.0,0.0,0.0,1.0,1.0,2.0,0.0,3.0,3.0,1.0,4.0,2.0,2.0,3.0,2.0,0.0,3.0,2.0,0.0,4.0,2.0
ESFJ,SJ,ESFJ Ï£ºÏù∏Ïû•Ïù¥ Î≥¥Ïû•ÌïòÎäî Ï£ºÎßê ÏïÑÏπ® ÏÉÅÏæåÌïú ÌåùÏÜ°Î™®Ïùå,7ow2gq61qcRuCiYPorzxFx,16,0.66825,0.12639171913803,0.7597499999999999,0.1134892065352472,-4.448437500000001,1.1314886930500012,0.5625,0.51234753829798,0.07315625,0.0535402523808022,0.099804375,0.1230393806859549,0.17980625,0.1244526333925214,0.6191875,0.1781060428508813,119.13525,33.85724479930403,0.000275373125,0.0006568420149647,0.0,0.0,2.0,0.0,1.0,0.0,0.0,3.0,0.0,1.0,0.0,3.0,1.0,0.0,0.0,0.0,0.0,0.0,0.0,2.0,1.0,0.0,2.0,0.0
ESFJ,SJ,main ‡≠®‡≠ß,2z9Lh5RQGO3OslVcV9SU39,23,0.548,0.1663558617159994,0.6340869565217392,0.16732464716654,-7.512434782608696,2.2085227853206844,0.6521739130434783,0.4869847535576739,0.0534434782608695,0.0413216301060897,0.2670514086956521,0.3208671416303099,0.1970086956521739,0.139411864999959,0.4824782608695653,0.272290264501492,119.59978260869566,34.40177887440299,0.1250525156521739,0.2914572747012888,1.0,2.0,4.0,1.0,2.0,0.0,0.0,2.0,0.0,4.0,1.0,0.0,0.0,2.0,1.0,0.0,2.0,0.0,0.0,0.0,0.0,0.0,1.0,0.0
ESFJ,SJ,esfj's,57WDZ3JKG5fznIilh4OV6Z,50,0.5977799999999999,0.1443088086185246,0.5476399999999999,0.1692457167938415,-7.44552,2.1818827597153003,0.88,0.328260722659316,0.092556,0.0934983731387441,0.3345061999999999,0.3030601615082863,0.129712,0.0684277591362464,0.4161379999999999,0.1752062491779913,120.29288,34.223124753050485,0.000181421,0.0005483322416097,1.0,7.0,1.0,2.0,5.0,0.0,1.0,1.0,0.0,4.0,0.0,4.0,1.0,6.0,0.0,3.0,10.0,2.0,1.0,0.0,0.0,0.0,0.0,1.0
ESFJ,SJ,who i am at the moment,1oEwKEC1fEjnG1wNb6X0Aw,34,0.6144117647058822,0.1309161465715939,0.5910882352941177,0.183791444330014,-8.012264705882354,3.23793653248694,0.6764705882352942,0.4748580799338171,0.0796588235294117,0.057275877399716,0.355785,0.2451775672205388,0.1868999999999999,0.1363510664913675,0.5118823529411765,0.1987031842641686,113.95264705882352,28.94899459695773,0.0312135429411764,0.1398464899502669,0.0,2.0,1.0,3.0,5.0,2.0,0.0,1.0,3.0,4.0,1.0,3.0,1.0,0.0,0.0,1.0,2.0,0.0,1.0,0.0,1.0,2.0,0.0,1.0
ESFJ,SJ,ESFJ,3hKxmZJSD6HrJ4ueUi80id,28,0.5710357142857143,0.0797024476332449,0.6256785714285715,0.1749160758703544,-5.636607142857143,1.7911536596673336,1.0,0.0,0.037375,0.018776692111942,0.1723125,0.1809923469350957,0.1487357142857142,0.0699516881658239,0.384,0.187705048374265,122.20857142857145,32.61071432250969,0.0004641071428571,0.0014606291180524,0.0,3.0,0.0,2.0,3.0,0.0,0.0,3.0,0.0,4.0,0.0,1.0,0.0,3.0,0.0,6.0,0.0,0.0,3.0,0.0,0.0,0.0,0.0,0.0
ESFJ,SJ,ESFJ my beloved ‚ú®,4dfbokVXcsAIWdOOrVrQfh,50,0.6101399999999999,0.1528150823307539,0.6262599999999999,0.1728996181580042,-7.437239999999999,3.127257705650595,0.64,0.4848732213850611,0.066818,0.0752008051682904,0.237639588,0.265644996527131,0.162848,0.101076084173442,0.4251799999999999,0.2028660189205009,124.14298,28.300755051938022,0.1631312706,0.3039659074134469,0.0,3.0,0.0,4.0,1.0,1.0,0.0,3.0,1.0,0.0,2.0,3.0,1.0,5.0,1.0,6.0,4.0,2.0,2.0,2.0,1.0,0.0,3.0,5.0
ESFJ,SJ,ESFJ starter pack,7u38ULaDFRn8uhDaEqe25M,16,0.6621874999999999,0.088556737932996,0.73625,0.144515973742236,-5.7229375000000005,2.289550799283562,0.375,0.5,0.08886875,0.0889255547728922,0.1052575,0.0922017225074094,0.148425,0.0704797512292242,0.4841875,0.1428767388345632,116.4554375,17.86233946592196,0.0003507437499999,0.0008161275765783,2.0,0.0,0.0,1.0,0.0,0.0,0.0,1.0,0.0,2.0,3.0,2.0,1.0,0.0,1.0,0.0,0.0,2.0,0.0,0.0,0.0,0.0,0.0,1.0
ESFJ,SJ,.:+*Youthful*+:.,10lSHJWnukqrWWkr2Vcr23,50,0.6672999999999999,0.106352177759958,0.7186600000000002,0.1369135896118722,-4.53096,1.1936363231054654,0.56,0.5014265364224069,0.0693,0.0535419881008906,0.0738395579999999,0.1342176228309709,0.1592,0.1147900016978653,0.57186,0.2242019871018278,123.3546,22.09008022638585,0.000221468,0.0008630281095287,1.0,2.0,5.0,1.0,2.0,2.0,1.0,5.0,6.0,3.0,0.0,1.0,1.0,6.0,0.0,6.0,0.0,2.0,1.0,3.0,0.0,1.0,0.0,1.0
ESFJ,SJ,ESFJ,07qqJqJT9Q8BjCkTvK2AIc,25,0.6102799999999999,0.1281696531945062,0.66448,0.1689931260929469,-6.13212,1.9976111007901407,0.84,0.3741657386773941,0.075892,0.0746514954081073,0.2960428,0.2859007015194844,0.15478,0.0953578741723339,0.549624,0.2474824594457824,126.71236,27.616155114775363,4.724e-05,0.00011568453696,0.0,2.0,0.0,4.0,2.0,0.0,1.0,2.0,0.0,1.0,0.0,1.0,1.0,4.0,0.0,3.0,0.0,2.0,0.0,0.0,1.0,0.0,1.0,0.0
ESFJ,SJ,ESFJ,6cr4OiwpyU7PfF2AoRS4Ce,30,0.6375,0.1428251281861119,0.6561666666666667,0.1263124433036323,-5.640133333333333,1.765695169015608,0.6333333333333333,0.4901325178535608,0.0816666666666666,0.0816460457193684,0.1854706666666666,0.2180776739657199,0.1457633333333333,0.0917528069037271,0.4783333333333333,0.2592061266481832,112.47276666666669,23.447450079263213,2.6195333333333337e-05,8.124367242133841e-05,1.0,3.0,3.0,1.0,1.0,0.0,2.0,1.0,2.0,1.0,1.0,2.0,0.0,1.0,0.0,4.0,0.0,1.0,2.0,2.0,1.0,0.0,1.0,0.0
ESFJ,SJ,esfj ‚úø,35KbZZJyr6Q7WsUkgRseZd,33,0.5191818181818182,0.1151041524406956,0.6386060606060605,0.1948380640740438,-6.762818181818181,2.589338313818627,0.7878787878787878,0.4151487502672804,0.0538121212121212,0.0317630165992597,0.258094,0.2921859359881135,0.1424939393939394,0.0931317948507447,0.3669121212121213,0.2286789708816375,125.67060606060606,35.34628286586459,0.0158793051515151,0.0879996194608089,0.0,2.0,2.0,0.0,3.0,0.0,1.0,2.0,0.0,3.0,0.0,2.0,1.0,5.0,0.0,2.0,3.0,0.0,2.0,1.0,1.0,0.0,0.0,3.0
ESFJ,SJ,üéÄ Isa,62IhGxhnctHWQ0YVfCcMR5,24,0.530625,0.1043746648002948,0.57975,0.182599407113662,-8.272333333333334,2.9354431065656947,0.7916666666666666,0.4148511169990533,0.0420625,0.0223817435793589,0.2902427291666666,0.2935451153472642,0.1650083333333333,0.1103005219612651,0.5013333333333333,0.2108866719491706,128.844375,29.770144397734395,0.17180420625,0.2843189237502946,1.0,2.0,0.0,0.0,3.0,0.0,1.0,2.0,0.0,0.0,0.0,0.0,1.0,1.0,0.0,0.0,3.0,1.0,3.0,2.0,4.0,0.0,0.0,0.0
ESFJ,SJ,esfj/9w1,70Qv4cQnBwNFVPnNlW0sIr,22,0.5371363636363636,0.1809862650549155,0.6124090909090909,0.2305609431036585,-9.32281818181818,3.5333918903911936,0.5454545454545454,0.5096471914376255,0.0645318181818181,0.065992174040806,0.3555845454545454,0.3285026208741904,0.1514181818181818,0.0882513975951043,0.4708636363636364,0.263707864240598,125.61718181818183,30.07047594384196,0.11914594,0.2445502260912773,0.0,2.0,1.0,1.0,1.0,0.0,0.0,1.0,0.0,1.0,2.0,1.0,2.0,3.0,0.0,0.0,1.0,1.0,1.0,2.0,0.0,1.0,0.0,1.0
ESFJ,SJ,esfj kpop,5EQmUdey35tUhnBUT34IKH,23,0.7265652173913044,0.0753330943132846,0.8332173913043477,0.1047781016858263,-3.0759130434782604,1.2679684865973413,0.6521739130434783,0.4869847535576739,0.0823347826086956,0.0705069281489134,0.1124565217391304,0.1140216878336866,0.1980217391304347,0.1556664848511999,0.6609565217391304,0.1570936253150474,123.07321739130434,19.342168563098607,0.0001444930434782,0.0005718417789312,0.0,1.0,0.0,2.0,2.0,0.0,1.0,0.0,1.0,1.0,1.0,1.0,1.0,4.0,1.0,2.0,1.0,0.0,0.0,2.0,0.0,0.0,1.0,1.0
ESFJ,SJ,ESFJ,0M0yRMidLgPCnmXYF4MxVc,26,0.6584615384615385,0.0881468006313244,0.7246153846153847,0.1555398539083991,-5.888923076923078,2.441996149433114,0.5769230769230769,0.5038314736557788,0.089226923076923,0.088519826288543,0.2121721538461538,0.2212811289030661,0.1713961538461538,0.1623588900695474,0.6451153846153848,0.1820042476258347,122.89965384615384,23.478415728395827,0.0001712565384615,0.0007339845594394,1.0,2.0,1.0,1.0,2.0,1.0,1.0,1.0,2.0,2.0,0.0,1.0,1.0,3.0,0.0,0.0,1.0,1.0,1.0,1.0,0.0,1.0,0.0,2.0
ESFJ,SJ,pov: you're dating raph ( ROTTMNT ),3w18OEybTwJvk2aGXBDCXJ,20,0.5606500000000001,0.1299053400304277,0.6930499999999999,0.1602200706922562,-7.060249999999999,2.345152174952451,0.85,0.3663475485325232,0.0505799999999999,0.0367312945592719,0.1539349799999999,0.184172457595359,0.1938899999999999,0.1048086019973149,0.54475,0.2366845279892069,133.23115,31.068741145156444,0.002274087,0.0071565307535845,0.0,2.0,1.0,1.0,2.0,0.0,0.0,3.0,0.0,1.0,0.0,0.0,0.0,2.0,0.0,2.0,2.0,1.0,1.0,0.0,1.0,0.0,0.0,1.0
ESFJ,SJ,Fe dom!! - ENFJ and ESFJ,5l2J9ojjALxYdClAYjywby,50,0.51674,0.1664644118367745,0.4853159999999999,0.2222050830256792,-9.18918,3.692488169961567,0.74,0.4430874976934521,0.049066,0.0393077528313825,0.38421346,0.3480605510396266,0.163314,0.110075753155057,0.394962,0.2385784685787629,118.25976,30.35623340053497,0.0447120522,0.1460572658810575,0.0,7.0,1.0,2.0,6.0,0.0,1.0,2.0,0.0,3.0,1.0,3.0,2.0,2.0,0.0,3.0,4.0,1.0,1.0,2.0,3.0,0.0,4.0,2.0
ESFJ,SJ,Esfj,16nNHOSN17U8s2TRgtJj4Y,29,0.5396551724137931,0.1551053273152677,0.628793103448276,0.1718744099855524,-6.69951724137931,1.7387380403345425,0.6206896551724138,0.4938039737912401,0.0491137931034482,0.028936886051962,0.2996628275862068,0.2653108843541678,0.2119103448275862,0.1525715250179581,0.4896172413793103,0.2521119196889768,127.35727586206896,27.901537529186644,0.0339493855172413,0.1052715451389671,2.0,3.0,0.0,2.0,1.0,0.0,1.0,2.0,0.0,1.0,0.0,2.0,4.0,1.0,0.0,1.0,2.0,2.0,0.0,0.0,2.0,1.0,0.0,2.0
ESFJ,SJ,esfj ‚òïÔ∏è,79rxRT5PTLIYJpTyMnLNEE,11,0.5511818181818182,0.1301582253888075,0.4472727272727272,0.2749796686699186,-10.190909090909091,3.845307593796508,0.9090909090909092,0.3015113445777636,0.0333272727272727,0.0039615882948865,0.6297272727272727,0.3163966153134672,0.1405181818181818,0.0511678574533235,0.4058181818181818,0.2019296006938151,118.92027272727272,22.081123844093213,0.1259028454545454,0.2430146773411201,0.0,1.0,0.0,0.0,3.0,0.0,0.0,1.0,0.0,0.0,0.0,1.0,0.0,2.0,0.0,0.0,1.0,1.0,0.0,0.0,1.0,0.0,0.0,0.0
ESFJ,SJ,esfj rocks,3TBMzSwZ37nfwB3zV8Yp3w,27,0.6568148148148147,0.1361209973733881,0.6847407407407405,0.1261999611704782,-6.693703703703704,1.6896152910970097,0.4444444444444444,0.5063696835418333,0.0623666666666666,0.0507612208133486,0.119938237037037,0.1349595824895853,0.1534148148148148,0.0998830882108743,0.5556666666666666,0.223968060909792,121.3074074074074,30.068267720509787,0.0849725707407407,0.2110470813041022,1.0,1.0,0.0,1.0,2.0,0.0,1.0,0.0,2.0,1.0,1.0,1.0,2.0,2.0,2.0,1.0,1.0,2.0,0.0,2.0,1.0,0.0,2.0,1.0
ESFJ,SJ,Josh's Mix,6v9SREHme4ngFh69G9nEc3,50,0.6200000000000001,0.0898969932075322,0.81014,0.1019613792430391,-5.24774,1.7937365152447693,0.56,0.5014265364224069,0.06276,0.0376733706634123,0.071302958,0.0924278570993065,0.211148,0.126159991135325,0.5451400000000001,0.2257413193575915,126.31651999999998,13.487516458335744,0.0292523341999999,0.1216849975523081,2.0,5.0,5.0,0.0,7.0,0.0,1.0,2.0,3.0,2.0,1.0,3.0,3.0,3.0,1.0,1.0,1.0,0.0,1.0,4.0,2.0,2.0,1.0,0.0
ESFJ,SJ,ESFJ songs for your ESFJ characters,22rtob75w31WLyxRUuTbFX,19,0.6376842105263159,0.1557730017370643,0.6124736842105264,0.1633555659770199,-6.770842105263159,2.3506538159782484,0.631578947368421,0.4955946277833521,0.0773526315789473,0.0459596123233462,0.3633826315789474,0.3360538384419659,0.1448631578947368,0.0951697910200869,0.5887894736842106,0.226593022092073,126.50968421052632,27.85220774224117,0.0139317,0.0568063172824776,0.0,1.0,1.0,0.0,1.0,1.0,1.0,0.0,0.0,3.0,1.0,1.0,1.0,3.0,0.0,1.0,0.0,1.0,1.0,0.0,0.0,0.0,0.0,2.0
ESFJ,SJ,esfj,6CotAWNUEw2UmYyK9sv3Pv,12,0.5880833333333333,0.1415514415541593,0.6246666666666667,0.1744906005977677,-7.346166666666665,3.070856345869943,0.6666666666666666,0.4923659639173309,0.0631416666666666,0.0438534845372703,0.2882075833333333,0.3587138679670769,0.2363333333333333,0.2342764192275027,0.6443333333333333,0.1909870692116631,141.58091666666664,30.39725947712552,0.09950318,0.2725368043100368,0.0,0.0,0.0,1.0,1.0,0.0,0.0,1.0,1.0,0.0,0.0,0.0,2.0,2.0,0.0,1.0,1.0,1.0,1.0,0.0,0.0,0.0,0.0,0.0
ESFJ,SJ,peak esfj behaviour,24WCUtRtXmIeKbYiyc1Oyn,50,0.6790600000000001,0.1119437559214265,0.8398399999999999,0.0813165545311428,-4.523300000000001,1.9033648212723544,0.56,0.5014265364224069,0.0914499999999999,0.0641954771437543,0.0954165999999999,0.1246632441879697,0.222472,0.1830628530849223,0.74252,0.1589564489193855,119.23846,23.27413485992464,0.0295570884,0.1454823617732909,0.0,6.0,3.0,4.0,2.0,1.0,1.0,1.0,5.0,1.0,3.0,3.0,1.0,4.0,0.0,3.0,2.0,2.0,0.0,4.0,1.0,0.0,0.0,3.0
ESFJ,SJ,Extraordinary youüßº,1gAXClSbaOqNQduJecJJSl,14,0.6364285714285715,0.1351720921843503,0.7915714285714285,0.1231844859648226,-4.135428571428571,1.706449607734217,0.6428571428571429,0.4972451580988469,0.1023071428571428,0.0762049005519452,0.1425714285714285,0.1374815592029677,0.1783285714285714,0.1508750855130542,0.5247857142857143,0.2278978106255347,131.54321428571433,36.91418605814253,0.0,0.0,0.0,0.0,0.0,2.0,0.0,0.0,1.0,0.0,0.0,0.0,1.0,1.0,1.0,3.0,0.0,2.0,0.0,1.0,0.0,1.0,0.0,0.0,0.0,1.0
ESFJ,SJ,esfj,6cmSpIpVYwKO2DfFkPmFAg,16,0.6781250000000001,0.0799248605462238,0.723875,0.1416106752096512,-5.6185625,2.2582506199489907,0.625,0.5,0.05654375,0.0272335080063757,0.2368068749999999,0.2373125934772882,0.2492125,0.2261756098698531,0.737875,0.1502703674492523,116.8235,21.38978964210105,6.0975e-05,0.0001225077276474,2.0,2.0,1.0,0.0,1.0,0.0,1.0,1.0,1.0,1.0,0.0,1.0,0.0,1.0,0.0,1.0,1.0,1.0,0.0,0.0,0.0,0.0,0.0,1.0
ESFJ,SJ,ESFJ x ISFJ,3o1PR1WvxkSZQt8peCzeLJ,50,0.6084,0.1392701090159196,0.59194,0.1876158047822241,-6.74948,2.1546474141222443,0.88,0.328260722659316,0.081018,0.0930089718955178,0.30997668,0.2486551429970334,0.12985,0.0610331902010901,0.423778,0.1927552612268009,113.12938000000004,28.756435926936422,0.000843761,0.0057523365710126,0.0,5.0,1.0,2.0,4.0,0.0,2.0,3.0,1.0,4.0,1.0,2.0,0.0,4.0,0.0,3.0,5.0,0.0,3.0,2.0,7.0,1.0,0.0,0.0
ESFJ,SJ,esfj vibes,4eFu4FNgZPxoCJHw95rKXz,50,0.6249600000000001,0.1417125518327109,0.6557000000000001,0.1864076342922923,-6.568919999999999,2.50276235012925,0.76,0.4314191105869,0.05653,0.0465762278421084,0.2298788399999999,0.2706632132199448,0.169234,0.1176762310367748,0.5358,0.2056175367729402,117.1549,24.624026844751054,0.0412765628,0.1356341537079458,0.0,11.0,0.0,4.0,5.0,0.0,0.0,1.0,1.0,3.0,0.0,1.0,3.0,3.0,1.0,1.0,3.0,0.0,5.0,3.0,1.0,0.0,2.0,2.0
ESFJ,SJ,ESFJ Type Beat,5N6wWoWNqHDYwsT9mNcD3e,18,0.7125555555555556,0.0941102121246349,0.7465555555555555,0.1009194333423637,-5.230555555555556,1.3574172370923965,0.3888888888888889,0.5016313257045503,0.0807833333333333,0.0535261590802324,0.1050466666666666,0.1105528805594861,0.1509222222222222,0.1044768792635652,0.7682777777777778,0.1323341606138017,119.00244444444444,21.104769230234147,0.0009975655555555,0.0041934081501316,0.0,2.0,0.0,1.0,0.0,0.0,0.0,0.0,2.0,0.0,2.0,1.0,2.0,1.0,1.0,0.0,0.0,1.0,2.0,0.0,0.0,0.0,2.0,1.0
ESFJ,SJ,"esfj 2w3 ; ""the caregiver"" ""the host""",2xr4l9OXNLTSvsEtRHVQwO,50,0.5723199999999999,0.1573966055179444,0.56057,0.2063364107174375,-7.52888,3.630516866783571,0.84,0.3703280399090204,0.0492779999999999,0.026165355580482,0.390821,0.308043518024546,0.1640619999999999,0.1141304943957591,0.401168,0.257256259470464,115.36172,27.06997728340535,0.0209681984,0.1207106200803384,2.0,7.0,3.0,0.0,2.0,0.0,5.0,5.0,0.0,2.0,0.0,3.0,1.0,4.0,0.0,6.0,6.0,1.0,1.0,0.0,1.0,0.0,1.0,0.0
ESFJ,SJ,ESFJ/ESFP Anthems,5FkVuulq71HDtxE9nloFnf,30,0.6159666666666667,0.1847873863685493,0.6805666666666668,0.1432169040623187,-6.449600000000001,2.0627395676958185,0.7333333333333333,0.4497764451088036,0.0524066666666666,0.0312192241098812,0.2529903333333333,0.2653137533183778,0.1444133333333333,0.0784668027030334,0.5188333333333334,0.2584408267273966,119.37816666666666,32.09317996954292,0.0209914403333333,0.069129966419917,0.0,1.0,0.0,3.0,2.0,0.0,0.0,1.0,0.0,2.0,1.0,3.0,0.0,0.0,0.0,4.0,3.0,3.0,2.0,1.0,1.0,0.0,0.0,3.0
ESFJ,SJ,best of taylor,2z4CLBs6RCaRBDHFKMCzVc,50,0.5808399999999999,0.1249746684536592,0.59222,0.1653692578098222,-6.9007000000000005,2.107686973331434,0.96,0.1979486637221574,0.046978,0.0328611506251403,0.22587006,0.2891432193330884,0.125958,0.0663775659483269,0.4011,0.1726613117389897,126.7572,33.50297906157003,0.0002007587999999,0.0012259605520397,1.0,13.0,0.0,2.0,1.0,0.0,1.0,6.0,0.0,10.0,0.0,3.0,0.0,7.0,0.0,0.0,4.0,0.0,1.0,0.0,0.0,0.0,1.0,0.0
ESFJ,SJ,gay man with a mustache and a hawaian shirt and esfj personality type,5wOArmIIG5wqDvmzQZO3Yf,36,0.6465,0.1309474267461128,0.7193611111111111,0.1308168081768826,-8.050333333333334,2.9737976009521176,0.6111111111111112,0.494413232473044,0.0417472222222222,0.0111428512922247,0.2571925000000001,0.2238556952831763,0.2551777777777777,0.2054154982483914,0.7547222222222222,0.1775541142639716,121.18794444444444,18.45856019140395,0.0195424319444444,0.0994948310157688,0.0,4.0,0.0,1.0,2.0,1.0,0.0,0.0,0.0,2.0,3.0,3.0,1.0,1.0,0.0,0.0,6.0,1.0,2.0,3.0,1.0,3.0,0.0,2.0
ESFJ,SJ,ESFJ,0GsSXDsfvxBztQjmvoaxnv,43,0.5939534883720929,0.1415966695681068,0.6590465116279068,0.1564835231685937,-6.270232558139535,2.054048010720124,0.6744186046511628,0.4741373235154428,0.0608906976744186,0.0503789440802853,0.118685488372093,0.1438405172127023,0.205553488372093,0.1839272415008526,0.4906604651162791,0.1795958560073606,121.48625581395348,29.54220813884289,0.0517565962790697,0.1657085652624391,1.0,4.0,1.0,2.0,3.0,0.0,0.0,1.0,2.0,2.0,0.0,4.0,1.0,5.0,2.0,2.0,4.0,1.0,2.0,3.0,0.0,0.0,1.0,2.0
ESFJ,SJ,ESFJ,1Mo8xspuTMDpYkjn7trg7X,50,0.61822,0.125494823049578,0.6920799999999998,0.168219346602668,-5.98886,3.23790648545807,0.72,0.4535573676110727,0.073112,0.0779543656145526,0.19102234,0.2568883027263342,0.172432,0.150610868296347,0.5877220000000001,0.2301433513251766,117.89356,26.22777146785056,0.0009187436,0.0035876778325476,3.0,2.0,5.0,0.0,4.0,0.0,3.0,5.0,1.0,5.0,2.0,1.0,0.0,4.0,0.0,3.0,4.0,0.0,1.0,1.0,4.0,0.0,1.0,1.0
ESFJ,SJ,esfj,650rCo3uAgRglaD6C9sYpX,50,0.59564,0.1406220524407642,0.5649599999999999,0.1756556185452962,-7.004459999999998,2.894003767186525,0.4,0.4948716593053936,0.1134139999999999,0.1168960256826901,0.29263984,0.2970575998987511,0.179176,0.1368122213182755,0.3912799999999999,0.2005822188794715,130.0979,34.47313878964612,0.0109651752,0.0601626643993017,2.0,4.0,3.0,1.0,1.0,0.0,1.0,2.0,0.0,0.0,2.0,0.0,3.0,6.0,6.0,3.0,1.0,2.0,0.0,2.0,1.0,3.0,4.0,3.0
ESFJ,SJ,Íï• Rory Gilmore Kinnie Íï•,0P5VIZlRqMTgeCj4LzGMen,50,0.55976,0.1236635593793391,0.487052,0.2044171118281521,-9.50722,3.671392819670285,0.9,0.303045763365663,0.0431619999999999,0.0223993430115023,0.540674,0.2959067342586035,0.172766,0.156575187142061,0.423102,0.1992912180397197,119.75378,26.52864088866205,0.0059786755999999,0.0245267556715276,1.0,12.0,1.0,3.0,7.0,0.0,0.0,6.0,0.0,4.0,1.0,0.0,1.0,4.0,0.0,0.0,3.0,0.0,1.0,0.0,5.0,0.0,0.0,1.0
ESFJ,SJ,esfj 6w7 who scared sharing their opinion,68B4lIV1lUZYoXJULdfGl4,50,0.6413800000000001,0.1236936455893497,0.70896,0.1674717106784038,-6.084679999999999,2.208008766249974,0.64,0.4848732213850611,0.063812,0.0465586513585448,0.2069617,0.2479225610655802,0.19904,0.1470920758420052,0.555394,0.2269904218153672,125.06234,27.01487130710016,0.0424785068,0.185283999321954,1.0,3.0,0.0,1.0,0.0,0.0,1.0,0.0,2.0,2.0,4.0,3.0,0.0,4.0,1.0,9.0,4.0,4.0,1.0,0.0,4.0,1.0,5.0,0.0
ESFJ,SJ," i,esfjt",7CLtAAIQlYtF0tNm6ZnVcd,50,0.56916,0.1442830777694052,0.516598,0.1894162854128225,-8.587959999999999,3.04646168771148,0.62,0.4903143514780145,0.099268,0.1261490686708808,0.4456460000000001,0.3011437755543056,0.154172,0.1040977053600341,0.365208,0.2161122807567343,110.47042,27.699208233059068,0.0894039411999999,0.1924634127753532,1.0,0.0,1.0,5.0,5.0,2.0,1.0,3.0,1.0,3.0,0.0,4.0,1.0,3.0,2.0,2.0,4.0,2.0,1.0,3.0,0.0,0.0,5.0,1.0
ESFJ,SJ,quartz,7u6DHjtW3y4EWTfEsE2AeI,50,0.6570999999999999,0.1411206243333868,0.80094,0.1103429551675232,-5.820119999999999,2.586249539233149,0.72,0.4535573676110727,0.095908,0.0904275080957568,0.08976788,0.1084969170356015,0.2105139999999999,0.1655006726788228,0.7425400000000001,0.1897150613151099,130.91111999999998,26.427806635760422,0.0409441232,0.1352464690289253,2.0,10.0,0.0,3.0,2.0,0.0,1.0,1.0,2.0,1.0,1.0,3.0,0.0,4.0,1.0,3.0,4.0,1.0,2.0,3.0,2.0,2.0,0.0,2.0
ESFJ,SJ,„Öá„Öá„Ñπ?,5S4MX38gEfhTeCZiJTtydq,50,0.63068,0.1267199129045258,0.5848,0.1961886846890003,-6.07304,2.264541156929715,0.76,0.4314191105868999,0.06848,0.0619676610855062,0.3918121999999999,0.3092694008583877,0.164092,0.1045430188574862,0.49134,0.1975316673139695,114.90431999999998,30.32314719910807,0.0009895434,0.0063680429189452,0.0,10.0,0.0,2.0,2.0,0.0,1.0,0.0,1.0,3.0,4.0,2.0,3.0,7.0,0.0,5.0,2.0,2.0,2.0,0.0,2.0,1.0,0.0,1.0
ESFJ,SJ,thoma | genshin impact,7aL7bUAjI9RVKDVQD27rGX,22,0.0,0.0,0.0,0.0,0.0,0.0,0.0,0.0,0.0,0.0,0.0,0.0,0.0,0.0,0.0,0.0,0.0,0.0,0.0,0.0,0.0,0.0,0.0,0.0,0.0,0.0,0.0,0.0,0.0,0.0,0.0,0.0,0.0,0.0,0.0,0.0,0.0,0.0,0.0,0.0,0.0,0.0,0.0,0.0
ESFJ,SJ,soso mo !,2DUGLMtd67FwSvO2iCfZHk,42,0.5934285714285714,0.1436204589775906,0.5450571428571427,0.2347917864758384,-9.844380952380954,4.753945631877572,0.7142857142857143,0.4572299568592125,0.0515785714285714,0.0355998255388592,0.4146364285714284,0.3606130224088368,0.1536166666666666,0.0810980644461418,0.5619309523809525,0.2573437347188986,122.44257142857144,31.951055108455403,0.1656657207142857,0.291260652127735,1.0,4.0,2.0,2.0,1.0,0.0,0.0,3.0,2.0,4.0,1.0,2.0,1.0,5.0,1.0,3.0,3.0,1.0,1.0,2.0,2.0,0.0,0.0,1.0
ESFJ,SJ,One Song for Every MBTI,5ng1bCMZzaUl7EcM6bR8Du,16,0.5585,0.1538159072831328,0.72275,0.212512431008949,-5.5346875,3.228280630485316,0.6875,0.478713553878169,0.07046875,0.0394292060745162,0.1755116874999999,0.2837242911611479,0.22528125,0.1588507316896379,0.53470625,0.2142677311799422,132.0555625,31.965291045066884,0.0026255012499999,0.0059921662558397,0.0,4.0,1.0,0.0,1.0,0.0,1.0,1.0,0.0,1.0,1.0,0.0,0.0,1.0,1.0,1.0,0.0,1.0,1.0,0.0,0.0,0.0,1.0,0.0
ESFJ,SJ,blondie heart eyes,7BS8bhYbhzUlsWQxESweOY,50,0.56596,0.1302833583746894,0.5897399999999999,0.1641902592253566,-7.552140000000001,2.233120074181925,0.92,0.2740475156178698,0.049718,0.0328109718458534,0.36277082,0.3476624941343867,0.1274,0.0643516518983065,0.418882,0.1689561296639468,121.13682000000004,28.375460453471604,0.0072978023999999,0.0346407438386351,2.0,12.0,0.0,2.0,6.0,0.0,1.0,4.0,0.0,2.0,0.0,2.0,0.0,5.0,0.0,2.0,7.0,0.0,3.0,2.0,0.0,0.0,0.0,0.0
ESFJ,SJ,‚û™ùô¥ùöúùöèùöì,3XU0s7eCuJsa56crBAtQFb,30,0.6851666666666666,0.1534587630408345,0.6780333333333334,0.1417237437419357,-6.167466666666667,2.216112917783707,0.6,0.4982728791224399,0.0787866666666666,0.0584290004360336,0.2286594666666666,0.2638216170864691,0.1621266666666666,0.1434818910436828,0.5700333333333334,0.2220191795587805,119.18746666666668,21.25651580872173,0.0004659423333333,0.0014052786582068,0.0,3.0,1.0,3.0,1.0,0.0,1.0,0.0,2.0,2.0,0.0,1.0,0.0,3.0,1.0,1.0,3.0,3.0,0.0,1.0,0.0,0.0,3.0,1.0
ESFJ,SJ,Se dom!! - ESTP and ESFP,3LTz5bXOahsSg1X6LKSF6A,47,0.4814255319148937,0.1538036219227582,0.6568085106382978,0.242793134196482,-6.594446808510638,3.235520788726766,0.6170212765957447,0.4913686072930561,0.0647914893617021,0.0565813720682424,0.1968223404255319,0.2777428337219746,0.1839872340425531,0.1372847890763881,0.4220531914893617,0.2319740988643792,118.64487234042554,32.060701314318706,0.0464310010638297,0.1323033946108174,2.0,2.0,1.0,2.0,2.0,0.0,0.0,4.0,1.0,5.0,2.0,1.0,3.0,6.0,0.0,4.0,0.0,3.0,2.0,0.0,1.0,0.0,3.0,3.0
ESFJ,SJ,ESFJ,3T42NgckHC8LDkC29I66Po,40,0.638575,0.1511977627530859,0.5948599999999999,0.227772703616611,-7.328675,3.681158940887628,0.675,0.4743416490252568,0.079905,0.0811362701467927,0.3391946999999999,0.3209258337192087,0.1940675,0.1459943068568613,0.5370100000000001,0.2332061350734526,119.119325,31.16054067154402,0.0776042475,0.2278518551570791,0.0,2.0,2.0,3.0,1.0,0.0,0.0,4.0,2.0,5.0,1.0,1.0,2.0,5.0,2.0,2.0,2.0,1.0,2.0,1.0,0.0,0.0,2.0,0.0
ESFJ,SJ,a hopeless romantic,0PI7WedVbq1MM6r8uLU8lX,50,0.54572,0.1271436661290474,0.6105,0.1672413934212143,-6.752740000000001,2.169423960127552,0.5,0.5050762722761054,0.076734,0.0752665050310683,0.31657051,0.2862687380635454,0.163506,0.1064012590266157,0.3479699999999999,0.1821599501783517,130.74694,30.57802280243984,0.0298516836,0.0733357686800372,4.0,3.0,3.0,4.0,1.0,0.0,1.0,2.0,4.0,2.0,2.0,2.0,0.0,4.0,0.0,2.0,1.0,3.0,2.0,3.0,1.0,1.0,2.0,3.0
ESFJ,SJ,MBTI Types As Songs - At Their Best / Worst,1l637Lrl1Jz4OZSppxR35p,32,0.628625,0.1501431037807039,0.6406875000000001,0.169949601163062,-6.48796875,2.6208627548265664,0.8125,0.396557769456266,0.0753906249999999,0.0630191489555408,0.2344976875,0.283038161198808,0.173084375,0.1498496130197786,0.522875,0.2159971251302112,115.63228125,25.779177698082503,0.0250646321874999,0.0950373824788374,0.0,2.0,1.0,2.0,4.0,0.0,0.0,1.0,1.0,4.0,0.0,1.0,1.0,3.0,0.0,2.0,4.0,0.0,1.0,0.0,2.0,0.0,2.0,1.0
ESFJ,SJ,esfj,4wi4XSdYTAnbWBIUxLtQlS,28,0.5518214285714286,0.14448940844726,0.6151785714285712,0.1377730429934004,-7.493749999999999,2.015139782395403,0.4642857142857143,0.5078745001833699,0.058475,0.0443611911221709,0.1567103928571428,0.2022489224268943,0.1609321428571428,0.0971011387718684,0.4956142857142857,0.2209578872466605,118.27939285714284,30.277022780808167,0.0415406025,0.1809093210607835,0.0,1.0,0.0,2.0,1.0,0.0,1.0,2.0,2.0,1.0,3.0,0.0,1.0,1.0,1.0,0.0,1.0,1.0,2.0,4.0,1.0,0.0,2.0,1.0
ESFJ,SJ,ESFJ,6QgBjGFaypZD5tReS3Vw0p,34,0.6435000000000002,0.1226866543333673,0.6879117647058823,0.2154190233358541,-5.48035294117647,2.8915344241774488,0.5882352941176471,0.4995541684356421,0.0902735294117647,0.0748003577564914,0.2437988529411764,0.2693182377634459,0.1913794117647058,0.1777608365693223,0.5236176470588234,0.2231637548916181,127.45044117647058,29.73183812947058,0.0017119729411764,0.0067158426793247,2.0,3.0,0.0,1.0,2.0,0.0,0.0,1.0,4.0,1.0,1.0,3.0,2.0,4.0,1.0,1.0,2.0,1.0,2.0,1.0,0.0,0.0,1.0,1.0
ESFJ,SJ,ùë¥ùë∞ùë® ùë™ùë∂ùë≥ùëºùë™ùë™ùë∞ ,4yAxiHPBqEhq21fJTnUBwW,50,0.63616,0.1247263715302503,0.68906,0.1628563170405127,-5.84266,2.214180546903462,0.7,0.4629100498862756,0.076964,0.073527256531583,0.198025334,0.2051018154949505,0.1427999999999999,0.1178358682097038,0.5298,0.2606899792974836,129.1416,31.154633662636147,0.0125738834,0.0723248224867697,2.0,5.0,1.0,3.0,2.0,0.0,0.0,2.0,1.0,5.0,4.0,3.0,1.0,3.0,0.0,2.0,7.0,0.0,1.0,4.0,2.0,1.0,1.0,0.0
ESFJ,SJ,ÔºàÔº°ÔºéÔºâ Ôº©ÔΩíÔΩÖÔΩéÔΩâÔΩÉ,5IXn3EvjQtWCLQAFUDc2nx,2,0.406,0.1965756851698602,0.626,0.2177888886054566,-7.6045,3.871409626996348,0.5,0.7071067811865476,0.04,0.0050911688245431,0.0458,0.0210717820793591,0.0862,0.0048083261120685,0.341,0.1654629867976521,105.617,27.43150046935092,0.0149731999999999,0.0211096830028307,0.0,0.0,0.0,0.0,1.0,0.0,0.0,0.0,0.0,0.0,0.0,0.0,1.0,0.0,0.0,0.0,0.0,0.0,0.0,0.0,0.0,0.0,0.0,0.0
ESFJ,SJ,‚ô°,2zNpn423MANEjmelgiOWq7,50,0.5854,0.1520459114335978,0.4586660000000001,0.2238516505935781,-10.59758,4.878568872996613,0.78,0.4184519575964802,0.041176,0.0196148794000256,0.53705894,0.3129810859712961,0.16261,0.1043626648583032,0.443278,0.2316105081064029,120.88906,27.24352627570634,0.1708044052,0.2847215471561655,1.0,8.0,0.0,3.0,11.0,0.0,2.0,4.0,1.0,3.0,2.0,0.0,2.0,1.0,0.0,2.0,2.0,1.0,1.0,2.0,2.0,0.0,1.0,1.0
ESFJ,SJ,poudreitte,3yM2bfDSfK6ebXMWlGMzqC,50,0.58148,0.1357018400308378,0.5955400000000001,0.2022000635862553,-6.79736,2.949469635894092,0.82,0.3880879344916035,0.05019,0.0308398976281421,0.4519954,0.2805264115704834,0.190918,0.1503844687622294,0.61226,0.215807530461941,117.47472000000002,21.272443200439355,0.0069655106,0.0477814797159865,1.0,2.0,3.0,0.0,3.0,0.0,7.0,6.0,2.0,7.0,0.0,1.0,1.0,6.0,0.0,0.0,3.0,0.0,4.0,0.0,2.0,1.0,1.0,0.0
ESFJ,SJ,Amane üéê,4f4byGt7meBONq4h31s5PH,12,0.6529166666666666,0.1108811471255541,0.7678333333333333,0.1595720602870139,-6.808583333333335,4.107827372188,0.5,0.5222329678670935,0.0766,0.0911900014455332,0.1754383333333333,0.2537580401174363,0.206075,0.1229452141476771,0.6753333333333332,0.2380295372554856,135.88216666666665,26.077341651442552,0.0769519283333333,0.2510904812496824,0.0,1.0,0.0,0.0,2.0,1.0,0.0,0.0,0.0,0.0,0.0,0.0,3.0,0.0,0.0,1.0,1.0,0.0,1.0,0.0,0.0,0.0,0.0,2.0
ESFJ,SJ,ESFJ,2s0VIe83fznW0cf0xthc04,22,0.5720454545454544,0.1460624384663488,0.6211363636363636,0.1529697434927653,-6.324727272727273,1.7925050357057029,0.6363636363636364,0.4923659639173309,0.1008954545454545,0.1321022132299824,0.2125672727272727,0.2497792540316123,0.1590045454545454,0.1281913134166969,0.4968181818181817,0.196721857396399,125.41236363636362,38.37480271709234,0.0055235463636363,0.0213403318916241,0.0,5.0,1.0,1.0,0.0,1.0,0.0,0.0,0.0,1.0,1.0,0.0,0.0,3.0,1.0,0.0,1.0,1.0,0.0,2.0,3.0,1.0,0.0,0.0
ESFJ,SJ,.:+* Euphoric *+:.,6rUnJpPZmx2T7l2JdUAf5T,50,0.6431399999999999,0.1242039156108261,0.7596,0.1416465852113661,-5.331500000000001,2.033155346564868,0.64,0.4848732213850611,0.090666,0.0717616224249509,0.06729366,0.0899882446764201,0.179094,0.1310488387072949,0.57746,0.1864478052475616,128.35744,26.664560745709515,0.0033950645999999,0.0205325627249694,0.0,2.0,3.0,4.0,2.0,0.0,2.0,1.0,3.0,5.0,2.0,5.0,0.0,2.0,1.0,2.0,4.0,2.0,2.0,5.0,1.0,1.0,0.0,1.0
ESFJ,SJ,+:ÔΩ°.ÔΩ°‚ú© olivia ‚ú©ÔΩ°.ÔΩ°:+,64JAgdRyrEIB76WypyQR2N,50,0.6465000000000001,0.1227779229639715,0.7216399999999998,0.143552558816822,-5.38608,1.6683754513090312,0.46,0.5034574339058886,0.080476,0.0718191650847417,0.16264346,0.2215990928285057,0.18307,0.1342251265294122,0.52868,0.2133911269505471,123.55634000000002,30.037696358321053,0.025732016,0.1370395268996542,3.0,2.0,2.0,4.0,4.0,0.0,0.0,0.0,3.0,1.0,2.0,1.0,2.0,3.0,3.0,3.0,3.0,1.0,1.0,5.0,1.0,0.0,2.0,4.0
ESFJ,SJ,one song for each mbti | classical,0NObHzrSiLXhHQY7E07VdF,16,0.27625,0.1127679032349187,0.1572124999999999,0.1060036846843856,-19.74275,7.1445164846895,0.375,0.5,0.04355,0.0242951847080856,0.8785624999999999,0.1400166507955393,0.1308625,0.0852618701413474,0.2090375,0.2116333807161179,106.9456875,46.95799178658694,0.681806709375,0.3880557130854427,2.0,2.0,1.0,1.0,0.0,0.0,0.0,0.0,1.0,1.0,0.0,0.0,2.0,0.0,0.0,0.0,1.0,0.0,1.0,1.0,0.0,1.0,2.0,0.0
ESFJ,SJ,ET Playlist no.3 ,5e1hUSQZcuUfwu0O10TzY1,32,0.6239375,0.1873051568275512,0.60746875,0.219442546581104,-6.703531250000001,2.797057428272872,0.625,0.4918693768379647,0.05505625,0.0552419075229503,0.2518140625,0.2774719063240326,0.15743125,0.093730768995307,0.39180625,0.2653663103510972,117.354625,25.299387090306386,0.0875171359375,0.2619756534779989,2.0,4.0,1.0,2.0,2.0,0.0,1.0,1.0,1.0,1.0,1.0,3.0,1.0,2.0,0.0,1.0,0.0,2.0,1.0,1.0,2.0,2.0,0.0,1.0
ESFJ,SJ,Nana Komatsu / Hachi kinnie,4AseiuDr6LkkqQq9cjbMVh,50,0.4743200000000001,0.1399838824541553,0.49324,0.2127864120259025,-8.9794,3.822045450877243,0.74,0.443087497693452,0.0478899999999999,0.0419251434471156,0.43476416,0.3388415663873171,0.16589,0.1171091610944459,0.304282,0.1798711678294398,111.52376,24.00469960327072,0.0925783836,0.2042580551696145,1.0,7.0,1.0,5.0,4.0,0.0,2.0,4.0,1.0,3.0,2.0,0.0,1.0,4.0,1.0,1.0,4.0,2.0,3.0,1.0,0.0,0.0,2.0,1.0
ESFJ,SJ,70s,6kOEUebkULIWscUJRqCwt8,15,0.6775999999999998,0.1154189882867756,0.6942666666666667,0.169254865583857,-7.891999999999999,2.919686847200276,0.5333333333333333,0.5163977794943222,0.0489133333333333,0.0362804525618856,0.2033624,0.1816154161584307,0.2569333333333333,0.2557292085297221,0.7373999999999998,0.2143617769766135,122.7188,18.940421586799864,0.0071132633333333,0.02079960303758,0.0,1.0,0.0,0.0,0.0,1.0,0.0,0.0,0.0,1.0,0.0,0.0,2.0,2.0,0.0,0.0,2.0,1.0,0.0,1.0,2.0,1.0,0.0,1.0
ESFJ,SJ,I‚Äôm an ESFJ like Troy Bolton so I care too much,32IEvD8tMUeRpgSZqPNsPU,10,0.5504,0.1315600412148173,0.6285999999999999,0.1536331850726123,-7.2634,2.0423543712533774,1.0,0.0,0.05472,0.0271015292721442,0.371241,0.3137799227501834,0.13613,0.0497001240776452,0.3912,0.1909466475804752,123.5126,34.2994182917955,0.00299624,0.0069230681381081,0.0,1.0,0.0,0.0,2.0,0.0,1.0,1.0,0.0,1.0,0.0,0.0,0.0,1.0,0.0,0.0,1.0,0.0,1.0,0.0,1.0,0.0,0.0,0.0
ESFJ,SJ,that's on brand,4KTVvwa9pSFKxMMl4muym2,50,0.5565599999999999,0.1412550392816093,0.62438,0.2108180267628061,-6.989560000000001,3.0196270154860287,0.78,0.4184519575964803,0.05834,0.064000691960545,0.2549166439999999,0.3110280948948904,0.1992359999999999,0.148387543841614,0.490208,0.236972072616163,119.90294,32.69121098724629,0.0625814782,0.1815850145385452,0.0,5.0,1.0,5.0,7.0,1.0,2.0,2.0,2.0,2.0,1.0,1.0,1.0,4.0,2.0,1.0,6.0,1.0,2.0,0.0,2.0,0.0,1.0,1.0
ESFJ,SJ,Manami Kimiko,2l4qBQKR6w1hhf1WbzFbfr,50,0.60966,0.1378038549859168,0.51956,0.2039937133885277,-8.210659999999999,3.570968653872332,0.82,0.3880879344916035,0.0495139999999999,0.0321032645679277,0.39500286,0.3241040440229668,0.184936,0.1128439336935245,0.41584,0.2198496814848263,118.7015,27.486841923891145,0.0780639014,0.2278591868865281,1.0,4.0,0.0,3.0,4.0,0.0,2.0,4.0,0.0,4.0,0.0,2.0,1.0,3.0,2.0,3.0,6.0,1.0,4.0,2.0,2.0,1.0,1.0,0.0
ESFJ,SJ,Î≥¥ÎØ∏+ÏßÑÏòÅ=‚ô°üå∑üåßÔ∏è,0QhrYC8mAV2XJQzh6gpnyO,17,0.6532941176470589,0.0907350295543859,0.6467058823529411,0.1946977672913464,-5.321411764705882,2.30291036133692,0.7058823529411765,0.4696682183138621,0.076735294117647,0.0792896268528903,0.3423799999999999,0.2740054311505522,0.2161764705882352,0.1702740641194797,0.5491176470588236,0.1540019814616605,106.2970588235294,37.39166258918991,4.732941176470588e-06,1.6825717950768805e-05,0.0,2.0,0.0,1.0,0.0,0.0,0.0,1.0,0.0,2.0,0.0,1.0,1.0,2.0,0.0,0.0,1.0,1.0,0.0,1.0,2.0,0.0,0.0,2.0
ESFJ,SJ,m b t i,27E8ft3XkWDgnCixcUTcGU,16,0.5524374999999999,0.0970930610290972,0.6646875,0.1924209686252168,-7.3635,2.612831873657393,0.75,0.4472135954999579,0.0406187499999999,0.0095584670144676,0.216543875,0.3089696589958038,0.1548999999999999,0.1037631276835209,0.4661875,0.2141184154465312,137.65949999999998,25.61835960660505,0.0472863643749999,0.124000998785976,1.0,2.0,1.0,1.0,1.0,0.0,1.0,1.0,0.0,2.0,0.0,0.0,0.0,1.0,0.0,0.0,2.0,0.0,0.0,2.0,1.0,0.0,0.0,0.0
ESFJ,SJ,:),1qDExCtVuvBO7OH3wxGjQh,23,0.6806521739130434,0.0972511316576606,0.6909130434782609,0.1379452833038185,-6.682782608695652,2.5873139978209365,0.5652173913043478,0.5068698018697018,0.0936782608695652,0.1097286320326059,0.1519173913043478,0.1743883294994612,0.2256565217391304,0.1583576126312242,0.621391304347826,0.2470417224847279,122.19656521739132,33.7936363574108,0.0182250260869565,0.0780677691340259,1.0,2.0,0.0,0.0,1.0,0.0,0.0,1.0,1.0,3.0,0.0,1.0,1.0,2.0,0.0,1.0,2.0,1.0,0.0,2.0,0.0,0.0,1.0,3.0
ESFJ,SJ,wHat HapPeNd with Caroline,3Mf5rokt0kQDej4wvLITgW,23,0.6070434782608695,0.1470922648794007,0.564913043478261,0.2220241414071653,-8.17204347826087,3.974235529441889,0.782608695652174,0.4217411678366499,0.0692565217391304,0.1015036489540555,0.3713143043478261,0.321789604700654,0.2176347826086956,0.1339842413009681,0.4658260869565216,0.2339601077444833,113.79847826086956,23.63926026928617,0.0205586808695652,0.0960197725719929,0.0,5.0,0.0,3.0,2.0,0.0,0.0,0.0,1.0,0.0,0.0,1.0,0.0,2.0,0.0,2.0,0.0,0.0,1.0,2.0,2.0,0.0,1.0,1.0
ESFJ,SJ,Charlotte vibes (oc),5t5uaQ9FYs7jVhbtiZyxjT,24,0.6774583333333334,0.1282622921193526,0.6939166666666666,0.1746046258331057,-7.119041666666667,2.905541234908502,0.4583333333333333,0.5089773777040516,0.1175375,0.1016089768907383,0.15160975,0.2220130009820713,0.1651791666666666,0.1082938071984554,0.537875,0.2070751412662437,129.60383333333334,30.361109113135345,0.1253447233333333,0.2886571824450237,0.0,2.0,0.0,1.0,1.0,1.0,1.0,0.0,2.0,1.0,2.0,1.0,1.0,1.0,0.0,2.0,0.0,0.0,1.0,4.0,0.0,0.0,2.0,1.0
ESFJ,SJ,yatora yaguchi,3j4eojVYzj3Z7rmaTAcnYA,28,0.5971428571428572,0.1458590680241298,0.5882142857142858,0.1903652156879385,-8.110964285714287,2.844921238018568,0.4642857142857143,0.5078745001833699,0.072025,0.1063349203120864,0.2256439285714286,0.2481073284083334,0.1676214285714285,0.1036616017238672,0.5603214285714286,0.2338161755915402,115.71157142857145,34.22649649724889,0.1351551089285714,0.2618520079458748,1.0,1.0,0.0,0.0,3.0,0.0,2.0,0.0,2.0,4.0,1.0,0.0,1.0,0.0,1.0,1.0,2.0,2.0,0.0,1.0,0.0,0.0,4.0,2.0
ESFJ,SJ,"dj tanner, my whole personality.",2OSOwqjWiBqJrRS7JBr34q,39,0.6183846153846155,0.1118091925852195,0.7076923076923078,0.1608139091009353,-7.06228205128205,2.8189471527385046,0.7692307692307693,0.4268327949183541,0.0547692307692307,0.0260626285567563,0.189187564102564,0.2199927870942943,0.1915461538461538,0.1357018458668117,0.6729487179487178,0.2103024074139489,118.81728205128202,28.79418752744592,0.0004867046153846,0.002022183277281,0.0,5.0,0.0,1.0,1.0,0.0,0.0,2.0,0.0,2.0,1.0,2.0,1.0,5.0,1.0,4.0,5.0,4.0,1.0,2.0,2.0,0.0,0.0,0.0
ESFJ,SJ,people pleaser,0silMfHji0MvT6QdX8tp6N,43,0.5076279069767442,0.1433714827286119,0.5709767441860465,0.2229830752035735,-7.483883720930233,2.711210766334957,0.6744186046511628,0.4741373235154427,0.0437325581395348,0.020990516236423,0.3688974418604651,0.3558602711277415,0.1905093023255813,0.139995302325868,0.3496581395348838,0.2188394380237517,112.13516279069768,29.01785700132004,0.0571535046511627,0.1583527292297918,2.0,5.0,1.0,3.0,3.0,0.0,1.0,1.0,0.0,3.0,1.0,3.0,1.0,3.0,1.0,1.0,4.0,0.0,0.0,5.0,2.0,0.0,2.0,1.0
ESFJ,SJ,Mbti edge,4DjK4n3nbkuaibAt7ctnzH,16,0.5853125,0.1819082987844883,0.694375,0.1736363537204503,-5.307062500000001,1.531873513871168,0.5625,0.51234753829798,0.09024375,0.0860535567248675,0.15391159375,0.2441732762062779,0.1578,0.1065317042011438,0.5220625,0.2437776223665057,122.609875,33.19806081058551,0.0009960725,0.0029272390728113,0.0,1.0,0.0,2.0,0.0,0.0,2.0,1.0,1.0,1.0,0.0,0.0,0.0,1.0,0.0,0.0,1.0,2.0,0.0,1.0,0.0,1.0,1.0,1.0
ESFJ,SJ,ESE,6bfiJUhwQULoJOD0ID4iYm,49,0.605,0.1240270467814715,0.608530612244898,0.1803026508911262,-7.190204081632653,2.9162900017230213,0.5102040816326531,0.5050762722761053,0.0661061224489795,0.0741872052315493,0.2567956122448979,0.2790844056421235,0.1810591836734694,0.1759833869033847,0.5223755102040816,0.2354914564361555,123.0781224489796,30.61922340052668,0.0322548730612244,0.1138953724415901,1.0,1.0,1.0,4.0,2.0,1.0,1.0,2.0,3.0,4.0,2.0,1.0,2.0,3.0,0.0,0.0,4.0,4.0,1.0,3.0,2.0,2.0,3.0,2.0
ESFJ,SJ,me fr,6IANvnENvZ4HRYQ96T4HJA,7,0.6762857142857143,0.0827641514298597,0.6797142857142857,0.1032548857370508,-4.941142857142857,0.9323939490314574,0.5714285714285714,0.5345224838248488,0.0524285714285714,0.0337942655039635,0.0915694285714285,0.1182368641778825,0.1245285714285714,0.1000308738054692,0.6127142857142857,0.2605997661074125,126.28885714285714,21.324224662955288,7.787142857142856e-05,0.0001963358496241,0.0,2.0,0.0,0.0,2.0,0.0,0.0,0.0,0.0,0.0,0.0,0.0,0.0,0.0,0.0,0.0,0.0,1.0,0.0,1.0,0.0,0.0,1.0,0.0
ESFJ,SJ,jade,2Ut7Jog1ujsJ37aBQlHRJ5,45,0.6407333333333334,0.145204777031361,0.6783333333333333,0.1824822531844472,-5.763733333333334,2.075266394728857,0.5555555555555556,0.5025189076296063,0.1069777777777777,0.077171270233779,0.1488071333333333,0.165349965041451,0.1925044444444445,0.1268794255037499,0.5557111111111109,0.2316915683150399,123.6503777777778,27.039629531392432,0.0001314115555555,0.0005088235211694,2.0,4.0,2.0,4.0,5.0,0.0,1.0,1.0,1.0,1.0,1.0,2.0,3.0,2.0,1.0,3.0,0.0,4.0,1.0,2.0,1.0,2.0,0.0,2.0
