mbti,function_pair,playlist_name,playlist_id,track_count,danceability_mean,danceability_stdev,energy_mean,energy_stdev,loudness_mean,loudness_stdev,mode_mean,mode_stdev,speechiness_mean,speechiness_stdev,acousticness_mean,acousticness_stdev,liveness_mean,liveness_stdev,valence_mean,valence_stdev,tempo_mean,tempo_stdev,instrumentalness_mean,instrumentalness_stdev,Cminor_count,CMajor_count,C#/Dbminor_count,C#/DbMajor_count,Dminor_count,DMajor_count,D#_Ebminor_count,D#_EbMajor_count,Eminor_count,Fminor_count,F#/Gbminor_count,F#/GbMajor_count,Gminor_count,GMajor_count,G#/Abminor_count,G#/AbMajor_count,Aminor_count,AMajor_count,A#/Bbminor_count,A#/BbMajor_count,Bminor_count,BMajor_count,EMajor_count,FMajor_count
ESTJ,SJ,estj anthems ,1s59H8zfMEUPQx0Wvk5TI9,50,0.7322000000000002,0.1409595397152484,0.72598,0.1390590081767522,-5.408520000000001,2.089256847077741,0.46,0.5034574339058886,0.114364,0.1022222783338109,0.10235578,0.1335053650141553,0.183222,0.1632768980122105,0.5941,0.2411883208665979,125.42072000000002,23.687083803281343,0.0068074118,0.0273436940094964,4.0,2.0,1.0,5.0,1.0,5.0,1.0,1.0,1.0,4.0,3.0,3.0,2.0,1.0,1.0,2.0,1.0,2.0,4.0,1.0,4.0,1.0,0.0,0.0
ESTJ,SJ,Estjor,6lIoEb4iHMmgdKURBvm5bX,50,0.65294,0.1700859818576763,0.6718000000000001,0.1877429854120482,-6.89996,2.212789318890508,0.4,0.4948716593053935,0.0682879999999999,0.0645683458176888,0.2651978,0.2435325064191972,0.172018,0.1491267064188937,0.5683799999999999,0.2304185092125958,129.65606,28.054385687490093,0.0725011566,0.1973565749818758,2.0,1.0,4.0,4.0,1.0,1.0,1.0,1.0,7.0,3.0,3.0,1.0,4.0,3.0,1.0,2.0,1.0,0.0,0.0,1.0,3.0,5.0,1.0,0.0
ESTJ,SJ, estj 8w7,0hI4VDmpMaYGmwfkM8yQ7g,50,0.7168800000000001,0.1852274542175602,0.63622,0.1410650870184051,-6.279680000000001,2.107524318401347,0.48,0.5046720495044485,0.1925199999999999,0.1186710218569446,0.176027,0.2261694281004073,0.225598,0.1706188298458267,0.3978859999999999,0.1978645300426016,127.14806,27.568134360873675,0.0017612336,0.0115344509425983,1.0,1.0,6.0,9.0,0.0,1.0,1.0,0.0,3.0,4.0,1.0,2.0,1.0,2.0,2.0,2.0,1.0,3.0,3.0,1.0,3.0,3.0,0.0,0.0
ESTJ,SJ,This Is EST Gee,37i9dQZF1DZ06evO2JD1f2,50,0.7399,0.1141229644743255,0.61672,0.1078704892404757,-6.931959999999999,1.4713836187308145,0.58,0.4985693819032897,0.254786,0.1098763925360434,0.06732542,0.0765376373419066,0.197816,0.106852282853575,0.451016,0.206582050072713,124.97822000000002,34.68032391469496,9.146e-07,4.244360104170891e-06,0.0,2.0,3.0,9.0,0.0,8.0,0.0,0.0,3.0,4.0,3.0,0.0,0.0,1.0,3.0,4.0,1.0,2.0,0.0,0.0,4.0,3.0,0.0,0.0
ESTJ,SJ,‚Äì ESTJ ‚Ä¢ the executive,2epHH5P907nreYR3UmfRbo,50,0.64924,0.1604154758680071,0.65716,0.1667389943741354,-5.876,1.7433299241651865,0.58,0.4985693819032897,0.1101559999999999,0.0883238502007567,0.1999248,0.2362644093801584,0.200762,0.1672309143986609,0.506966,0.2374485427478156,122.35808000000002,25.407027192668163,0.0310181646,0.1030780596730447,2.0,6.0,2.0,5.0,2.0,6.0,1.0,0.0,1.0,2.0,0.0,1.0,2.0,3.0,3.0,3.0,1.0,0.0,1.0,1.0,4.0,0.0,3.0,1.0
ESTJ,SJ,This Is Esti Korn√©l,37i9dQZF1DZ06evO3UFYKl,36,0.5277777777777778,0.1413757124243484,0.7619444444444445,0.1541092273949031,-3.8906111111111112,2.2626306721889367,0.4166666666666667,0.4999999999999998,0.0810222222222222,0.051503903381123,0.2158744444444444,0.2103651028289958,0.1610611111111111,0.115960530915302,0.3889527777777778,0.200912152069521,136.60844444444444,31.02117149159765,0.0237600033333333,0.0579256695129806,1.0,5.0,0.0,0.0,4.0,3.0,0.0,0.0,4.0,0.0,1.0,1.0,2.0,0.0,2.0,1.0,3.0,1.0,0.0,1.0,4.0,1.0,0.0,2.0
ESTJ,SJ,estj playlist,2UAj0iBYYQcXm3gD9bcjM9,50,0.63164,0.1242658046450496,0.6851400000000001,0.1491383428435573,-5.44826,1.4805748581588996,0.46,0.5034574339058886,0.0938539999999999,0.0878991309887158,0.17133978,0.1812620441340229,0.20095,0.1619624134401156,0.46338,0.2123824861144705,130.55926,26.87652733718645,0.0011413608,0.0039415618151893,4.0,4.0,1.0,3.0,1.0,4.0,1.0,1.0,4.0,4.0,3.0,0.0,1.0,2.0,2.0,7.0,1.0,0.0,1.0,1.0,4.0,0.0,1.0,0.0
ESTJ,SJ,This Is Eastman,37i9dQZF1DZ06evO0fiSDK,33,0.6174242424242424,0.0961866773204033,0.6196666666666666,0.1181372789032601,-6.542909090909091,1.3828168570809631,0.303030303030303,0.4666937221594376,0.175069696969697,0.1061189352944624,0.3123087878787879,0.2451908271856532,0.1442484848484848,0.1338359166134322,0.4008575757575758,0.1793539988233867,108.06763636363635,28.402544606313644,1.5701515151515153e-05,6.942880117075029e-05,3.0,3.0,5.0,2.0,0.0,1.0,1.0,0.0,2.0,3.0,1.0,3.0,1.0,0.0,1.0,0.0,1.0,0.0,2.0,0.0,3.0,0.0,0.0,1.0
ESTJ,SJ,ESTJ,0I43Gib09HW2wDtD0Fwdr8,35,0.6867428571428572,0.1412801436564836,0.6125714285714287,0.1504153632864842,-6.879885714285715,1.806149508035852,0.7428571428571429,0.44343957363116,0.0703657142857143,0.054342757203736,0.3453808571428571,0.2199104373893451,0.1627171428571429,0.1066947997126115,0.6186571428571428,0.2181654718539203,131.51568571428572,30.98966049087172,0.0041680142857142,0.0187574278440528,0.0,1.0,0.0,0.0,0.0,4.0,0.0,2.0,0.0,4.0,0.0,5.0,0.0,2.0,1.0,1.0,2.0,2.0,1.0,5.0,1.0,2.0,1.0,1.0
ESTJ,SJ,This Is Eastern Youth,37i9dQZF1DZ06evO3wb9gc,50,0.346,0.0942701285819487,0.8816600000000001,0.0952805974209752,-4.431900000000001,1.180148317382357,0.8,0.4040610178208843,0.0834439999999999,0.0330983701429911,0.003160436,0.0092673351401743,0.134478,0.0751944778964682,0.4160199999999999,0.1320799834979408,132.34462000000002,35.53190030696476,0.0376517996,0.0969609237176308,0.0,2.0,2.0,5.0,0.0,3.0,0.0,1.0,0.0,1.0,2.0,10.0,0.0,4.0,1.0,3.0,2.0,3.0,1.0,1.0,1.0,5.0,2.0,1.0
ESTJ,SJ,Estj songs,5VmBxdRLgHwvGw0mu39cpU,50,0.67926,0.1289141163246101,0.6861400000000002,0.1644400529688802,-6.393719999999999,2.357450352583901,0.46,0.5034574339058886,0.108356,0.0872159884237671,0.1600792,0.1462906961880477,0.1938879999999999,0.1387060195271323,0.5260760000000001,0.2303485979013157,126.55476,24.239992877819382,0.0161472002,0.0553856190218532,4.0,4.0,1.0,6.0,0.0,2.0,0.0,0.0,2.0,6.0,1.0,1.0,2.0,2.0,2.0,2.0,4.0,1.0,3.0,1.0,2.0,1.0,2.0,1.0
ESTJ,SJ,This Is Esterh√°zy Ensemble,37i9dQZF1DZ06evO2q4CBQ,27,0.2588888888888889,0.116197886030464,0.0711492592592592,0.0553678728649028,-17.100296296296296,2.599336628609674,0.8888888888888888,0.3202563076101744,0.0385481481481481,0.0043238489237795,0.9654444444444444,0.0518372700294157,0.1146407407407407,0.0261198312407562,0.2206592592592592,0.1808182986384595,107.17192592592592,22.6832218135003,0.8201592592592591,0.1785720286892642,0.0,0.0,1.0,10.0,1.0,1.0,0.0,1.0,0.0,0.0,0.0,2.0,0.0,0.0,0.0,7.0,0.0,1.0,0.0,0.0,1.0,1.0,1.0,0.0
ESTJ,SJ,estjj,35PSjW019LwNf14xil1b4Z,50,0.71986,0.1288588865894053,0.71906,0.1025408649251206,-5.48568,1.557104946327495,0.4,0.4948716593053935,0.134582,0.09791017684905,0.2475962,0.1939851737011814,0.172842,0.1269803007219173,0.59554,0.1993891907495366,130.14448000000002,29.02089159605893,0.0166371734,0.1056090215238638,1.0,5.0,3.0,0.0,3.0,1.0,1.0,0.0,1.0,3.0,5.0,3.0,3.0,1.0,2.0,5.0,2.0,1.0,2.0,0.0,4.0,2.0,0.0,2.0
ESTJ,SJ,This Is Eastman,37i9dQZF1DZ06evO4syg8S,32,0.58225,0.2560423352091501,0.363212375,0.2466410956486328,-17.086937499999998,9.077305415643512,0.5625,0.5040161287741853,0.071559375,0.0532676495625567,0.3421475406249999,0.4073250224730954,0.167746875,0.150879270224467,0.2348593749999999,0.1935876193378262,120.94174999999998,24.665129532169694,0.79985625,0.2497744594726184,0.0,8.0,0.0,0.0,0.0,3.0,0.0,0.0,3.0,0.0,1.0,0.0,1.0,3.0,0.0,0.0,6.0,1.0,1.0,0.0,2.0,0.0,1.0,2.0
ESTJ,SJ,estj,3ycrnz44b4vJM6Qn6QmacY,20,0.7070000000000001,0.0782559901860554,0.6534,0.1169297584922359,-6.461150000000001,1.5738407688802176,0.8,0.4103913408340616,0.045375,0.0250224083783442,0.3212345,0.2250914619128247,0.182845,0.1652391965574372,0.8343999999999999,0.1865127059309478,131.7316,23.016575012483138,0.0073936539999999,0.0237026491781682,0.0,1.0,0.0,0.0,2.0,2.0,0.0,0.0,0.0,0.0,1.0,0.0,0.0,5.0,0.0,0.0,0.0,3.0,0.0,0.0,1.0,0.0,3.0,2.0
ESTJ,SJ,This Is Jssst,37i9dQZF1DZ06evO26l0Po,50,0.7015999999999998,0.1164092008426152,0.7058800000000001,0.1776460181234075,-10.82102,3.2530564685149472,0.56,0.5014265364224069,0.0749919999999999,0.0610494107009951,0.2104323,0.2738595601526261,0.141786,0.1160810361034787,0.263004,0.2192258736033291,127.549,4.017163264528534,0.8456973999999999,0.1468920052117978,2.0,5.0,2.0,8.0,1.0,3.0,0.0,0.0,1.0,4.0,3.0,3.0,0.0,4.0,0.0,2.0,3.0,0.0,4.0,0.0,2.0,1.0,1.0,1.0
ESTJ,SJ,"hey, bitch! ‚ú¶ ESTJ.",2fmp7bkCOVZL92PjCfHaEh,50,0.6524800000000001,0.1190152176858754,0.6779,0.1599649515184051,-5.937379999999999,2.3119591028972355,0.38,0.4903143514780144,0.117876,0.0909626197278591,0.14883516,0.1926743848893892,0.19667,0.1571579372634355,0.4801339999999999,0.1994059131725117,127.57528000000002,30.58245289480321,0.0202757375999999,0.0562493764206365,3.0,1.0,3.0,4.0,2.0,3.0,0.0,1.0,5.0,3.0,1.0,2.0,0.0,4.0,0.0,0.0,3.0,0.0,7.0,1.0,4.0,1.0,1.0,1.0
ESTJ,SJ,waahc‚Äôestjujujul,0r3WACN3O4TcGGJiabijYx,50,0.79392,0.091660162045037,0.68548,0.1661056020139241,-6.36986,1.6142991403992872,0.16,0.3703280399090204,0.181562,0.1308745822596299,0.3663035999999999,0.2138519224361396,0.126408,0.0914334169251715,0.58136,0.2299083899189023,131.42824,24.15572409668363,0.0055919408,0.0352946307038448,2.0,2.0,2.0,2.0,4.0,1.0,2.0,0.0,3.0,6.0,3.0,0.0,1.0,1.0,4.0,0.0,4.0,0.0,8.0,1.0,3.0,0.0,0.0,1.0
ESTJ,SJ,ESTJ,6gWwEehfDK7vODcrDLiwcq,36,0.6993055555555556,0.1338928824406061,0.71675,0.1568841929577355,-6.09288888888889,2.5658577822494686,0.4722222222222222,0.5063093978480018,0.0859694444444444,0.0715196549186483,0.1217426222222222,0.1619106220587344,0.2257472222222222,0.2156481081843568,0.5510833333333333,0.2472880766578584,116.77933333333333,20.60459416038777,0.0419112302777777,0.1375407839394399,3.0,4.0,3.0,3.0,0.0,4.0,0.0,1.0,3.0,0.0,0.0,1.0,1.0,1.0,1.0,1.0,1.0,1.0,2.0,0.0,5.0,1.0,0.0,0.0
ESTJ,SJ,ESTJüìöüìèüë©‚Äçüè´üéí,7dQARs5qRkdhyxTBRwAlIq,50,0.72742,0.1343899428331371,0.62456,0.1601021561633798,-6.48012,2.620250475953529,0.48,0.5046720495044484,0.1817059999999999,0.1115604154249881,0.2488969999999999,0.2036695100386598,0.185058,0.1470338751611273,0.5347419999999999,0.2432011967025471,105.88076,25.387216015200423,0.0020393734,0.0120240226142195,2.0,2.0,2.0,4.0,1.0,3.0,1.0,0.0,2.0,3.0,5.0,1.0,0.0,2.0,0.0,2.0,3.0,5.0,5.0,1.0,2.0,2.0,0.0,2.0
ESTJ,SJ,estj,1h3hGmDJsPmps0iLGazSNG,33,0.7163636363636363,0.1052077760261266,0.7274545454545454,0.1132191157968396,-5.571696969696969,1.799904363515748,0.5454545454545454,0.5056498968474316,0.0993878787878787,0.0841088831425364,0.0767637878787878,0.0922432291301635,0.1890454545454545,0.1437735200126162,0.5604848484848486,0.162252912379894,118.70481818181815,23.223924391743296,0.00020096,0.0007813035958255,1.0,2.0,2.0,3.0,1.0,1.0,1.0,0.0,3.0,1.0,0.0,1.0,1.0,2.0,0.0,2.0,1.0,0.0,2.0,2.0,2.0,0.0,0.0,5.0
ESTJ,SJ,estjim,0rWa73u0lXVfn3KfkcDDY6,33,0.5486666666666667,0.150025136782696,0.7864242424242424,0.2095935099041461,-7.109393939393939,3.13629724894056,0.8181818181818182,0.39167472590032,0.0989151515151515,0.0927020230402636,0.0868198124242424,0.2200557671506312,0.2007848484848484,0.1295821098792483,0.3010606060606061,0.1930719343589875,124.96800000000002,25.97895444273114,0.4704904236363637,0.3668356681749438,1.0,6.0,1.0,5.0,0.0,5.0,0.0,0.0,1.0,1.0,0.0,1.0,0.0,1.0,0.0,3.0,0.0,3.0,2.0,0.0,0.0,2.0,1.0,0.0
ESTJ,SJ,ESTJ Anthem‚ú®,11eXSFRXsREBI1QnW5Ud4l,22,0.6569090909090909,0.1326617284642944,0.7526818181818181,0.1318767051755744,-5.517499999999999,1.675590947638929,0.4545454545454545,0.5096471914376255,0.0732863636363636,0.0539196076664982,0.1563340681818181,0.2255473645100638,0.2022499999999999,0.1547483879445229,0.6065454545454546,0.2399271173607136,127.5244090909091,30.203954592323697,0.0005987436363636,0.0027031823444644,0.0,2.0,3.0,1.0,1.0,1.0,0.0,0.0,0.0,2.0,3.0,0.0,1.0,2.0,1.0,0.0,0.0,1.0,1.0,1.0,0.0,2.0,0.0,0.0
ESTJ,SJ,ESTJ (PDB),45HBou8llEQJFBDF6OZHps,50,0.65538,0.1451106390001106,0.67984,0.2036638246458799,-6.525479999999999,3.714747934096949,0.5,0.5050762722761054,0.074088,0.0512927040203018,0.1879334999999999,0.242836243914915,0.2234599999999999,0.2052490165031496,0.528552,0.2218419158052942,124.32474000000002,24.67222486746204,0.0361702759999999,0.1471593752107074,1.0,3.0,2.0,2.0,5.0,5.0,1.0,1.0,1.0,2.0,2.0,0.0,2.0,5.0,2.0,2.0,5.0,2.0,2.0,0.0,0.0,3.0,1.0,1.0
ESTJ,SJ,ESTJ,3g5BuutZmR3IvlLTlprtTj,49,0.6691836734693878,0.1173143344234816,0.6961020408163265,0.1442009946940322,-5.484653061224489,1.8365062454633392,0.5102040816326531,0.5050762722761052,0.070704081632653,0.0404480528949564,0.1835496428571428,0.2357735292602928,0.1440816326530612,0.072870320528632,0.5373877551020408,0.2431955502887997,118.184,27.942988587628445,0.0016673614285714,0.0064631425520223,1.0,1.0,2.0,3.0,1.0,0.0,1.0,2.0,0.0,5.0,2.0,1.0,2.0,4.0,0.0,6.0,3.0,4.0,3.0,2.0,4.0,1.0,1.0,0.0
ESTJ,SJ,‚òæÔ∏é estjf‚òΩÔ∏é,56nOZ7Bn7xFfQYpBwKTp30,18,0.6616666666666666,0.0727291510452631,0.6657777777777778,0.0796799152163761,-6.301833333333334,1.1979407944714229,0.7777777777777778,0.4277926319464986,0.0759,0.0431687250625891,0.1139383333333333,0.179833899776498,0.1489166666666666,0.1182427724442137,0.5239388888888888,0.2151224470440549,134.23744444444444,31.36936985851424,0.0003643527777777,0.0013171853764653,0.0,2.0,0.0,0.0,0.0,1.0,0.0,0.0,0.0,0.0,0.0,2.0,0.0,3.0,0.0,3.0,3.0,1.0,0.0,0.0,1.0,0.0,1.0,1.0
ESTJ,SJ,ESTJ Playlist,73LpvL6xcXLE038WcInf2v,45,0.6345777777777778,0.1137344372748299,0.5906066666666666,0.1797416914251216,-6.799822222222223,3.36081882804615,0.5333333333333333,0.5045249791095131,0.0903777777777777,0.0938768194083194,0.2460704444444444,0.2750487376807935,0.1685333333333333,0.1356894700141734,0.4648422222222222,0.2148580149444246,121.87115555555556,24.07072430450389,0.0231175235555555,0.1018462588905995,4.0,5.0,0.0,0.0,1.0,6.0,1.0,1.0,1.0,2.0,3.0,1.0,2.0,2.0,1.0,3.0,2.0,1.0,2.0,1.0,2.0,0.0,3.0,1.0
ESTJ,SJ,estj.mp3,33ywea7hGjPkhOrFFwnKLc,50,0.67946,0.131349698383004,0.6989399999999999,0.1333513710588132,-5.7194,1.4499637574640214,0.54,0.5034574339058886,0.103704,0.0719382216820481,0.13746094,0.163131998215344,0.168244,0.1040263176277218,0.4784219999999999,0.2044313919042727,128.01692,25.65872082869484,0.0138172888,0.0629471547004481,2.0,4.0,1.0,4.0,2.0,2.0,1.0,0.0,5.0,0.0,2.0,2.0,1.0,5.0,1.0,3.0,2.0,1.0,3.0,0.0,3.0,5.0,1.0,0.0
ESTJ,SJ,estj,3iVLCXwVRJNl2gSZwVJjDM,34,0.7852352941176469,0.0979282541404766,0.6443823529411765,0.1448746615455313,-5.779441176470589,1.7950351425812263,0.5294117647058824,0.5066403971048987,0.1378617647058823,0.0932305906836146,0.1742526470588235,0.1543459828831793,0.1894235294117647,0.1207472944896063,0.5583823529411766,0.1935790520074785,123.73932352941176,20.61091529545448,0.0003248035294117,0.001201065844608,0.0,2.0,3.0,4.0,0.0,2.0,1.0,1.0,1.0,1.0,1.0,0.0,0.0,2.0,2.0,4.0,0.0,3.0,2.0,0.0,5.0,0.0,0.0,0.0
ESTJ,SJ,enneagram 8; estj,4qUdpBYgC1DzCuLLKXNSj0,50,0.6186,0.1326151405767986,0.7365199999999998,0.1739701170679984,-5.944899999999999,2.2274501964243827,0.64,0.4848732213850611,0.0682099999999999,0.0439250254085624,0.14499562,0.2246958325322997,0.176246,0.149702689313703,0.555262,0.2108411326577624,120.85322000000002,28.35696604499753,0.006591116,0.02940585884186,0.0,3.0,2.0,2.0,0.0,4.0,0.0,0.0,0.0,3.0,3.0,3.0,1.0,3.0,0.0,3.0,3.0,4.0,0.0,1.0,6.0,2.0,6.0,1.0
ESTJ,SJ,Swing Estj,5PGJG9dyFtcO2a4pTFYmMQ,25,0.6637599999999999,0.1476855556015324,0.62092,0.170918820886798,-8.47232,3.1411707838532648,0.52,0.5099019513592786,0.076908,0.0498507265075779,0.3440908,0.3042390038264873,0.194732,0.1073962860934523,0.66604,0.2148866910722951,124.71716,30.89114978528101,0.1525156648,0.3126408561103483,0.0,0.0,0.0,5.0,1.0,1.0,1.0,1.0,3.0,1.0,1.0,1.0,1.0,0.0,1.0,2.0,0.0,0.0,0.0,1.0,3.0,0.0,0.0,2.0
ESTJ,SJ,ESTJ-T,1F5u9n2PQEE4nUSwgoSl8X,50,0.68052,0.1277515509710555,0.54944,0.1443253354369204,-8.06218,2.848849776413531,0.48,0.5046720495044484,0.089116,0.0885149205916547,0.3909418,0.2650534302215386,0.157078,0.1054330821528276,0.5967600000000001,0.2005047263934755,107.44846,29.403473462875784,0.0519798218,0.1420414068633436,1.0,5.0,1.0,3.0,3.0,4.0,0.0,2.0,4.0,7.0,3.0,0.0,0.0,3.0,0.0,1.0,1.0,0.0,2.0,0.0,4.0,1.0,3.0,2.0
ESTJ,SJ,"estj, entj, intj, istj, istp",6Q4l73KN7JDLOebGK4jkBl,33,0.6289999999999999,0.1517524711495665,0.6782727272727272,0.1561506229428962,-6.378,3.067624070433012,0.6060606060606061,0.4961976634488731,0.0851030303030302,0.0798529722554539,0.1440793636363636,0.1776783337195721,0.2180818181818182,0.1594277078618735,0.5296666666666666,0.2350108596781575,126.56396969696968,27.510590579453268,0.0987346348484848,0.2314916487449115,1.0,4.0,0.0,2.0,0.0,2.0,0.0,1.0,1.0,1.0,2.0,1.0,1.0,1.0,1.0,1.0,5.0,3.0,1.0,0.0,0.0,0.0,2.0,3.0
ESTJ,SJ,Estj,3HoamV9gHgCghYgL3QhO4p,50,0.6736,0.1161917837553279,0.7121,0.1591868687539065,-5.413679999999999,1.9090496347018069,0.34,0.4785181206984065,0.100092,0.0894513956268533,0.13504396,0.1684422550929982,0.177084,0.1181853928610227,0.55816,0.2048899515469169,117.46414,24.823136958277207,0.0059288196,0.0280413812763859,1.0,3.0,2.0,3.0,1.0,1.0,1.0,0.0,3.0,2.0,0.0,0.0,3.0,2.0,1.0,4.0,5.0,2.0,8.0,0.0,6.0,1.0,0.0,1.0
ESTJ,SJ,a playlist for the ESTJ sagittarius sun girlies,0U9s95W4aCA8OHimoTwsJi,50,0.7302599999999999,0.1226978718442257,0.81232,0.0980891805804227,-3.41036,1.6100725773982352,0.62,0.4903143514780144,0.130254,0.0824562226708382,0.1092443999999999,0.1052179387235108,0.192232,0.1619781648676066,0.62688,0.149358716258707,123.198,29.91066028037768,0.0010960604,0.0056646435333552,0.0,5.0,1.0,4.0,2.0,5.0,1.0,0.0,5.0,1.0,2.0,0.0,0.0,7.0,1.0,3.0,0.0,5.0,3.0,0.0,3.0,2.0,0.0,0.0
ESTJ,SJ,estj,273K9wl6bzYn5cu4h76hGF,50,0.6919339999999998,0.1699705299906607,0.6865920000000001,0.2151438359302341,-6.539020000000001,3.795701717759719,0.68,0.4712120714991611,0.162992,0.1354661307772356,0.2540889488,0.3010494734993196,0.242278,0.184124568846912,0.621688,0.2159242352383477,119.1535,27.215379724729623,0.028276956,0.1211000337403784,2.0,9.0,1.0,4.0,1.0,2.0,0.0,1.0,2.0,3.0,1.0,0.0,1.0,5.0,1.0,4.0,0.0,2.0,2.0,2.0,2.0,3.0,1.0,1.0
ESTJ,SJ,estj songs,5Ki2WPmj97Rw1uQqrOGcmJ,50,0.64968,0.1150881543222677,0.69526,0.2065120256418349,-6.02598,3.2691732118974293,0.54,0.5034574339058886,0.090172,0.06551968091921,0.13468592,0.1916568202088433,0.208486,0.1924729973215962,0.5547719999999999,0.2219245312428235,121.63084,26.655728142187453,0.0119787534,0.0329340960180613,1.0,4.0,2.0,5.0,1.0,4.0,1.0,1.0,1.0,1.0,1.0,1.0,1.0,3.0,3.0,2.0,4.0,5.0,5.0,0.0,2.0,2.0,0.0,0.0
ESTJ,SJ,estj + entj songs ,5HiXIiwZzfkLK5aQC8Ezd0,50,0.6157,0.129841543931872,0.6158,0.1805280237163714,-7.08822,2.491947302567916,0.56,0.5014265364224069,0.0947139999999999,0.0832463543603305,0.2571367999999999,0.2407429885086617,0.19305,0.1631227523889257,0.440894,0.2263366324476775,113.1446,27.215363072788016,0.0054459858,0.0295057376972336,2.0,6.0,0.0,3.0,2.0,3.0,0.0,0.0,5.0,1.0,2.0,2.0,0.0,5.0,2.0,1.0,2.0,3.0,3.0,1.0,3.0,0.0,2.0,2.0
ESTJ,SJ,estj moment,7uMN5uXzyrExE4LHqoZIvn,50,0.7640199999999999,0.1211813432801587,0.7510800000000001,0.128849039973299,-5.617380000000001,1.8077508959014936,0.62,0.4903143514780144,0.149414,0.1029310964496469,0.11737736,0.1364977496379889,0.179004,0.106544155759622,0.60445,0.2183832581700794,126.05778,19.33316036042842,0.0042613632,0.0135338407409014,2.0,3.0,1.0,4.0,2.0,2.0,0.0,1.0,2.0,2.0,1.0,2.0,0.0,4.0,1.0,4.0,0.0,3.0,6.0,1.0,2.0,4.0,0.0,3.0
ESTJ,SJ,KOREAN SONG 17 - estj ‚òïÔ∏è‚ô° ‚Å∫ üïØ ‡ºâ‚Äß,71cJgm6YtUIiqPYDw6xnAZ,50,0.7116800000000001,0.091158628281716,0.82058,0.090655006503125,-3.39984,1.722334810182778,0.44,0.5014265364224069,0.0838599999999999,0.0514860274288875,0.1042734,0.1042277528478585,0.220048,0.1698000519698966,0.64048,0.1564143163759217,124.55986,21.56635375122223,0.0003416232,0.0011780790822705,0.0,4.0,4.0,2.0,4.0,1.0,4.0,0.0,3.0,4.0,3.0,2.0,3.0,3.0,2.0,2.0,1.0,4.0,0.0,0.0,0.0,2.0,0.0,2.0
ESTJ,SJ,estj,7xxAf0l4bqliEg3EQkcjBx,5,0.6082000000000001,0.121141239881388,0.6426000000000001,0.2082913824429613,-7.516800000000001,3.057957684468508,0.8,0.4472135954999579,0.09824,0.0709727623810712,0.36302,0.2837249583663728,0.211,0.132619832604328,0.5558,0.1484813119554107,130.5872,40.65137895816082,0.000745834,0.0016626140796288,0.0,1.0,0.0,0.0,0.0,1.0,0.0,0.0,0.0,0.0,1.0,0.0,0.0,0.0,0.0,0.0,0.0,0.0,0.0,0.0,0.0,1.0,1.0,0.0
ESTJ,SJ,ESTJ songs,4vZIQ9H9u0XORVSTPk04T4,50,0.65908,0.1348327520315748,0.6694,0.1944053203269616,-6.628280000000001,3.241684420048268,0.4,0.4948716593053935,0.0840559999999999,0.0591040699589654,0.1730557,0.2256677194128344,0.1942439999999999,0.1474171177167643,0.539252,0.2134979713520214,121.42106,28.53210464451065,0.0123757056,0.037347580977805,1.0,2.0,2.0,2.0,3.0,3.0,1.0,1.0,3.0,0.0,2.0,0.0,1.0,2.0,2.0,3.0,6.0,3.0,3.0,0.0,6.0,2.0,1.0,1.0
ESTJ,SJ,estj not pisces,7oMFjZW7lTkcBdGMYX6O3L,50,0.7247999999999999,0.1399109045946376,0.65978,0.1565157995545628,-5.849319999999999,1.5408310696848382,0.6,0.4948716593053935,0.248168,0.1737059260676515,0.1374669999999999,0.1838593342444607,0.235558,0.2096137021245685,0.5088520000000001,0.2196643397066886,130.24468000000002,29.017244709802675,0.0007487692,0.0032593462308553,2.0,1.0,3.0,9.0,1.0,4.0,1.0,0.0,3.0,1.0,2.0,3.0,1.0,3.0,0.0,2.0,2.0,2.0,3.0,0.0,1.0,3.0,1.0,2.0
ESTJ,SJ,estj test,2zFq7Cs5UjmYXb5eTHu423,50,0.63164,0.1242658046450496,0.6851400000000001,0.1491383428435573,-5.44826,1.4805748581588996,0.46,0.5034574339058886,0.0938539999999999,0.0878991309887158,0.17133978,0.1812620441340229,0.20095,0.1619624134401156,0.46338,0.2123824861144705,130.55926,26.87652733718645,0.0011413608,0.0039415618151893,4.0,4.0,1.0,3.0,1.0,4.0,1.0,1.0,4.0,4.0,3.0,0.0,1.0,2.0,2.0,7.0,1.0,0.0,1.0,1.0,4.0,0.0,1.0,0.0
ESTJ,SJ,estj >>,1JUYLBOO5OvMaNup7xeCKl,50,0.68548,0.1237232329328123,0.6843800000000002,0.1382710868887192,-5.722899999999999,2.4766476292746686,0.42,0.4985693819032897,0.072852,0.049765196591963,0.11567609,0.1811026995855117,0.16237,0.1510188517087471,0.56156,0.2118835028394382,120.26764,28.497006216378708,0.0037525989999999,0.0187738509832632,2.0,0.0,5.0,2.0,2.0,4.0,2.0,0.0,1.0,3.0,3.0,1.0,2.0,4.0,1.0,2.0,3.0,3.0,1.0,0.0,4.0,1.0,1.0,3.0
ESTJ,SJ,estj and entj duo,4rExrqC26Xvb4smlbnCPNn,16,0.509375,0.1638523217209122,0.7490625,0.1297101737207481,-6.386,2.256087350554791,0.5,0.5163977794943222,0.06391875,0.0340929360963039,0.077301,0.1246126139896492,0.16899375,0.1967576393053138,0.44310625,0.2367133159717326,133.3203125,34.12098795896498,0.126149155625,0.2560025263024441,0.0,0.0,0.0,0.0,1.0,1.0,0.0,0.0,4.0,0.0,0.0,0.0,0.0,3.0,0.0,0.0,1.0,1.0,0.0,0.0,2.0,2.0,1.0,0.0
ESTJ,SJ,ESTJ,6dyhWpAL9RKTn2pGjkIH8r,24,0.6672916666666667,0.1438418452651222,0.718125,0.2114548595059845,-5.218125,3.328115347505904,0.4166666666666667,0.5036101551853348,0.1021083333333333,0.0666297878068691,0.15966854,0.2193966583427182,0.1977333333333333,0.1173446713066169,0.5569999999999999,0.201995695175826,122.41854166666668,31.564946497491373,0.0422039270833333,0.188304953737652,1.0,3.0,2.0,2.0,1.0,0.0,1.0,0.0,0.0,0.0,2.0,0.0,0.0,2.0,1.0,0.0,1.0,2.0,3.0,0.0,2.0,1.0,0.0,0.0
ESTJ,SJ,MBTI Te: ENTJ & ESTJ,7KKFR1kDUkNBNiUDYv3yQO,50,0.60408,0.1503838408601028,0.74374,0.1848105273527679,-6.0778,2.6899302623537533,0.62,0.4903143514780145,0.1205,0.1073233508266167,0.15556082,0.2136697220749331,0.2083439999999999,0.166054640822759,0.586336,0.1979740549482508,125.30544000000002,35.27233796267933,0.0039015239999999,0.0186357356222982,0.0,3.0,2.0,6.0,1.0,7.0,1.0,1.0,2.0,2.0,1.0,1.0,1.0,2.0,0.0,4.0,1.0,2.0,1.0,1.0,7.0,1.0,1.0,2.0
ESTJ,SJ,INFPÏùò Îí§Ï≤ôÏù¥Îäî Î∞§,6vhFIlnxaAIZktqKQBerev,16,0.6529375,0.0831572556465559,0.601375,0.1839503103195715,-6.480375,2.767417204422444,0.5,0.5163977794943222,0.0972375,0.0909620424499509,0.48012125,0.3051176062193068,0.14011875,0.0505072828906881,0.49525,0.2580864196349742,115.3576875,32.50572869863351,0.12077654125,0.2672661576266753,2.0,0.0,1.0,0.0,0.0,1.0,0.0,1.0,0.0,1.0,0.0,1.0,1.0,1.0,0.0,1.0,1.0,2.0,2.0,0.0,0.0,0.0,1.0,0.0
ESTJ,SJ,pluto star,0ajOmKoON48smXceaW5KSL,50,0.54428,0.1548520083492491,0.5257,0.2013138731190775,-8.120659999999999,2.9727991043280872,0.78,0.4184519575964803,0.042374,0.0219050251433458,0.399581806,0.3348546849809359,0.170706,0.1036458459941195,0.4639000000000001,0.2262717573257107,125.44332,33.918046317220906,0.0185365586,0.0851489549005546,1.0,2.0,0.0,3.0,0.0,2.0,0.0,1.0,1.0,0.0,4.0,3.0,1.0,4.0,1.0,4.0,1.0,3.0,1.0,5.0,1.0,2.0,3.0,7.0
ESTJ,SJ,estj af,4NLv2gvyDrvZqE5YxlKIR0,50,0.72466,0.1174874044486541,0.6820599999999999,0.1712597275652226,-5.72348,1.7794079873109825,0.44,0.5014265364224069,0.1105879999999999,0.0804189201009568,0.1420939199999999,0.1734782126708217,0.184378,0.130798037634284,0.57232,0.202006712355641,122.04764,20.68820213212332,0.0168542964,0.0565832253355612,4.0,4.0,1.0,4.0,2.0,4.0,0.0,0.0,3.0,4.0,0.0,2.0,1.0,1.0,3.0,1.0,1.0,1.0,5.0,0.0,4.0,1.0,4.0,0.0
ESTJ,SJ,Estj,5uZbCnzzr67zmncBqiBHKZ,34,0.6331176470588236,0.1466136470364413,0.7609705882352941,0.1319794486513342,-5.5005,2.9631520507320537,0.4117647058823529,0.4995541684356421,0.0913705882352941,0.0862022060092177,0.1128281470588235,0.1648331743614392,0.1877058823529412,0.1598169292454347,0.5737441176470589,0.2283874076972117,128.07676470588237,28.429729935146824,0.0214773694117647,0.0864809721193541,1.0,4.0,2.0,0.0,0.0,0.0,0.0,0.0,1.0,2.0,2.0,0.0,1.0,4.0,1.0,2.0,4.0,3.0,3.0,0.0,3.0,0.0,0.0,1.0
ESTJ,SJ,ESTJ,2XHBQjDKlmO6hEG77y5BCP,50,0.64578,0.1524391199991736,0.67148,0.1592581321410659,-5.98162,2.01937099612726,0.52,0.5046720495044485,0.107088,0.0947150024536552,0.16575928,0.2234054399201595,0.161394,0.1443581139572906,0.512788,0.2217710978758531,127.43819999999998,26.34172184336987,0.0102112056,0.038538447164134,1.0,5.0,1.0,1.0,1.0,3.0,0.0,1.0,0.0,3.0,2.0,0.0,1.0,3.0,2.0,4.0,4.0,4.0,6.0,1.0,3.0,1.0,1.0,2.0
ESTJ,SJ,ESTJ Playlist,5AGafn312ZukCaEL9Ro9gm,33,0.6382727272727272,0.1397205408859218,0.6568484848484848,0.2128815869814897,-6.393969696969696,3.3391419976249934,0.4545454545454545,0.5056498968474316,0.0948818181818181,0.0755755146134706,0.2400478181818181,0.277712077750214,0.1825060606060606,0.1330601225466187,0.4616242424242424,0.2058491347296349,118.7239393939394,24.446427871648496,0.0046116512121212,0.0196712558290338,0.0,2.0,1.0,1.0,3.0,2.0,1.0,0.0,1.0,2.0,1.0,1.0,1.0,4.0,1.0,1.0,4.0,2.0,2.0,0.0,1.0,2.0,0.0,0.0
ESTJ,SJ,estj,5T0DGjuRkn13p9Mrmi24I3,50,0.65164,0.1500724668489275,0.696,0.1887459149443062,-5.956,2.654515490592571,0.54,0.5034574339058886,0.091,0.0718256988856228,0.1950013599999999,0.2568835247285621,0.191586,0.1285259141820299,0.557952,0.218840407081116,127.6507,23.79443836513577,0.0280373328,0.1369654995509787,0.0,4.0,3.0,3.0,5.0,6.0,0.0,1.0,3.0,0.0,2.0,0.0,2.0,4.0,2.0,2.0,3.0,2.0,1.0,0.0,2.0,4.0,0.0,1.0
ESTJ,SJ,Devana Markov,71f7aTsRJtbzqHuzFu338c,50,0.60854,0.1578390047756619,0.59004,0.2214769495538383,-7.65986,3.512517342596448,0.58,0.4985693819032897,0.0826239999999999,0.0786967871657037,0.35513887,0.3211086581558668,0.2056839999999999,0.1562949479643653,0.516046,0.1999436136943184,120.9979,28.970340172743736,0.0364567326,0.1383763272453341,1.0,3.0,3.0,6.0,2.0,5.0,0.0,3.0,1.0,0.0,1.0,0.0,3.0,1.0,1.0,4.0,4.0,4.0,1.0,0.0,4.0,1.0,1.0,1.0
ESTJ,SJ,Estj ü§î,5JJAGSC9jMsBicBVTIKuyw,50,0.54824,0.1261389839237106,0.72594,0.1902513278668562,-6.003659999999999,2.665092934857727,0.42,0.4985693819032897,0.089842,0.0858798094396334,0.1537181,0.185281855317921,0.1929179999999999,0.1238475192998822,0.518756,0.2060308607357407,122.79374,30.096074629670465,0.0023217888,0.009839583345572,1.0,5.0,4.0,3.0,1.0,2.0,0.0,0.0,4.0,4.0,0.0,0.0,1.0,2.0,2.0,4.0,5.0,3.0,2.0,0.0,5.0,1.0,0.0,1.0
ESTJ,SJ,i'm an estj this is what it's like inside my mind,1uYHBxtFQCtFTCsRUOL4Zf,50,0.70418,0.1192734279386859,0.6946800000000001,0.145440560830512,-5.441459999999999,1.8424373077695817,0.56,0.5014265364224069,0.098688,0.0775278478999643,0.18365928,0.2123859166068701,0.1673239999999999,0.1245907087963117,0.5648399999999999,0.2204552210536096,131.51319999999998,24.803748970258347,0.0051587782,0.0210015327373325,2.0,6.0,3.0,5.0,0.0,3.0,0.0,0.0,3.0,4.0,1.0,3.0,2.0,2.0,0.0,1.0,0.0,2.0,3.0,0.0,4.0,3.0,2.0,1.0
ESTJ,SJ,estj playlist,3aqUUOuufMZRERat48wcxN,18,0.711388888888889,0.0857068456932864,0.7548888888888889,0.1252911380786596,-4.893111111111112,1.920712915709988,0.3333333333333333,0.485071250072666,0.1135277777777777,0.0721377995518508,0.1254032222222222,0.186817727156258,0.2527777777777777,0.1726704939389593,0.5842777777777778,0.2170209546823574,124.08311111111112,18.99603017316695,0.0136608605555555,0.0412156535214851,0.0,3.0,1.0,1.0,1.0,0.0,0.0,0.0,1.0,0.0,1.0,0.0,0.0,0.0,2.0,0.0,3.0,1.0,2.0,0.0,1.0,1.0,0.0,0.0
ESTJ,SJ,ESTJ girl in high school,1XYUwBACeDThOhuqr8ZdJl,50,0.6529600000000001,0.1255609389410381,0.76988,0.1250114509040785,-4.815040000000001,2.018063195143263,0.52,0.5046720495044484,0.0909979999999999,0.0813453672401113,0.0941315999999999,0.1165656667928303,0.1580999999999999,0.106704151364262,0.59618,0.1901650936874138,121.03343999999998,24.51641702370067,0.0178692102,0.0851087103202473,3.0,7.0,1.0,5.0,3.0,4.0,0.0,0.0,4.0,2.0,1.0,0.0,0.0,3.0,0.0,0.0,4.0,1.0,4.0,1.0,2.0,2.0,1.0,2.0
ESTJ,SJ,"estj, scorpio ",7429mj2eeXQNvISNxmgXd3,38,0.6083157894736843,0.1082300116401645,0.6211578947368421,0.1355869176332507,-6.688947368421052,1.8524694832423667,0.7105263157894737,0.4596058673938099,0.0643447368421052,0.0465065917871714,0.1337290263157894,0.1523589540484215,0.1308421052631578,0.0709759975857044,0.3876368421052631,0.2285524618007069,116.24676315789476,25.213681108685776,0.0125170631578947,0.0422560379145804,1.0,6.0,2.0,2.0,0.0,3.0,1.0,0.0,1.0,1.0,1.0,0.0,0.0,1.0,0.0,6.0,2.0,3.0,1.0,3.0,1.0,3.0,0.0,0.0
ESTJ,SJ,üí∏ESTJ's Lifeüì∞,2XOcvY8IOMT79AAfVbtGt1,29,0.4282068965517241,0.2027243694052072,0.3713344827586207,0.25727211729976,-13.487551724137932,6.603634029760795,0.7931034482758621,0.4122508203948854,0.0383724137931034,0.0177021971306171,0.690748275862069,0.310563086092584,0.1344448275862068,0.0759104998675926,0.2380862068965517,0.2310670600313404,108.00879310344828,24.75531307384813,0.6742681558620689,0.367160247798542,1.0,5.0,2.0,0.0,1.0,10.0,0.0,2.0,0.0,0.0,0.0,0.0,0.0,3.0,0.0,0.0,2.0,0.0,0.0,0.0,0.0,1.0,2.0,0.0
ESTJ,SJ,aslan burcu olduƒüumu hatƒ±rladƒ±m,2aol2W839riAIkpYT0hTRf,50,0.67438,0.1366941901934864,0.7360000000000001,0.1731779785218027,-5.0743,2.308526681408623,0.42,0.4985693819032897,0.109768,0.0762224977233341,0.099226,0.1326972607102347,0.219352,0.1507976252181332,0.54374,0.2208145227773476,127.1876,25.71254068761477,0.0187802415999999,0.0758478004783521,0.0,3.0,1.0,0.0,0.0,6.0,1.0,0.0,3.0,4.0,4.0,0.0,2.0,1.0,5.0,2.0,1.0,5.0,4.0,1.0,4.0,2.0,1.0,0.0
ESTJ,SJ,EstJnx,3CMPik6vfKW3G6p3X4Qx1A,21,0.4923333333333333,0.113162420146148,0.6856190476190476,0.1432618149370152,-6.260333333333333,1.81571937075456,0.8095238095238095,0.4023739080814784,0.0357666666666666,0.0100840137511475,0.1046543333333333,0.1731735316390277,0.2082571428571428,0.1793650232666017,0.3485761904761905,0.1566580732192309,120.13980952380952,29.626052114007777,0.0049196342857142,0.0217086360267755,0.0,1.0,0.0,0.0,0.0,4.0,1.0,2.0,0.0,0.0,1.0,2.0,0.0,2.0,0.0,2.0,0.0,2.0,1.0,1.0,1.0,0.0,1.0,0.0
ESTJ,SJ,ESTJ,5GJd69vslxh4hNKp2vX645,21,0.6304285714285714,0.1342738140623745,0.6910476190476191,0.1656986651094317,-5.686714285714286,2.0095690369543697,0.238095238095238,0.4364357804719847,0.0874142857142857,0.0622721549788851,0.1681928571428571,0.2242916502936044,0.2195809523809523,0.1891560430413145,0.5585857142857142,0.1923286621533937,121.73771428571428,31.017842960371787,0.0026466514285714,0.0089669009289159,1.0,1.0,2.0,0.0,4.0,1.0,0.0,0.0,1.0,1.0,1.0,0.0,0.0,2.0,1.0,0.0,4.0,0.0,1.0,0.0,0.0,0.0,1.0,0.0
ESTJ,SJ,an ESTJ's unrequited love,2g5HI4qP3hpqfZO4dddDbA,42,0.5974285714285713,0.1523772825487244,0.4012857142857143,0.1497306990231634,-8.236642857142858,2.32723515242956,0.8571428571428571,0.3541688016605729,0.0508833333333333,0.0400548155910437,0.638752380952381,0.271988558079012,0.1361428571428571,0.0590636537274628,0.4359047619047619,0.2133996376347084,119.28983333333332,27.422572655028656,0.009734505,0.0419886377028356,0.0,2.0,0.0,2.0,2.0,4.0,0.0,4.0,0.0,0.0,1.0,1.0,0.0,3.0,1.0,5.0,1.0,1.0,1.0,3.0,0.0,2.0,5.0,4.0
ESTJ,SJ,ESTJ,0jUbvPmVLwhq2ubm8Xrr2s,13,0.6353076923076924,0.1158025507889647,0.7046153846153846,0.1900033063140123,-6.545461538461539,3.5037905334885675,0.5384615384615384,0.5188745216627708,0.0991461538461538,0.0752916619485475,0.2136306153846154,0.2726986279116987,0.2117307692307692,0.2250980171118624,0.5159461538461538,0.1971945004954271,125.85707692307692,28.661240193164296,0.0125057476923076,0.0316714417377343,0.0,1.0,1.0,0.0,2.0,2.0,0.0,0.0,0.0,0.0,1.0,0.0,1.0,2.0,0.0,1.0,0.0,1.0,1.0,0.0,0.0,0.0,0.0,0.0
ESTJ,SJ,Slytherpuff ESTP/ESTJ üíöüíõ,7l62alshKJtdH4zdsmpwmC,50,0.6613000000000001,0.1269057580591654,0.7274600000000001,0.1548528215000637,-5.719639999999999,1.8504603482399085,0.5,0.5050762722761054,0.102974,0.0824941477454304,0.130737804,0.1696092934967531,0.181058,0.1777513145736285,0.5466779999999999,0.2200157241968799,126.59302,28.386334768177104,0.0267574968,0.1214222786525535,1.0,5.0,3.0,4.0,1.0,3.0,4.0,1.0,1.0,3.0,0.0,2.0,1.0,1.0,2.0,4.0,2.0,0.0,4.0,0.0,3.0,1.0,2.0,2.0
ESTJ,SJ,milo,0l6BVRwas1bduLfxb93JmG,50,0.6030800000000001,0.1702170091503244,0.63554,0.2047596111720935,-6.90436,2.590851705835873,0.36,0.484873221385061,0.1011339999999999,0.0844286454193535,0.1538836448,0.2368821275882388,0.2257299999999999,0.174623808192798,0.378938,0.2347023089631907,121.69218,27.08402393059534,0.0708356888,0.1658303996490708,0.0,1.0,3.0,3.0,2.0,3.0,0.0,1.0,4.0,6.0,4.0,2.0,1.0,1.0,3.0,5.0,1.0,0.0,3.0,0.0,5.0,1.0,1.0,0.0
ESTJ,SJ,estj,2aUoPrT4dDgGeNkTazu9ej,21,0.6608571428571428,0.1364035504355681,0.6542857142857142,0.1504603412388603,-6.752809523809524,2.2392936301219546,0.3333333333333333,0.4830458915396479,0.0884238095238095,0.0651397720656275,0.1995960952380952,0.2382520982954619,0.1859428571428571,0.1774818542032637,0.6057619047619047,0.2313077829996009,117.56004761904762,23.78940489687834,0.0813094023809524,0.2183919417511696,0.0,3.0,2.0,0.0,1.0,0.0,0.0,0.0,1.0,0.0,2.0,0.0,0.0,0.0,2.0,1.0,3.0,2.0,1.0,1.0,2.0,0.0,0.0,0.0
ESTJ,SJ,being ESTJ,74DwbPjIJu9prlj9X4WVcF,50,0.59702,0.1385719425616388,0.69842,0.1731989642708344,-5.8741200000000005,2.900216808503553,0.58,0.4985693819032897,0.0843759999999999,0.0623800908846364,0.13245282,0.1983647973142875,0.195914,0.1205557640636879,0.4622,0.1960900459545282,120.51696,25.65204765662888,0.0010516655999999,0.0039814122445024,1.0,4.0,2.0,3.0,2.0,4.0,0.0,0.0,6.0,2.0,0.0,4.0,0.0,5.0,0.0,1.0,3.0,4.0,3.0,0.0,2.0,3.0,1.0,0.0
ESTJ,SJ,asuka langley soryu | character playlist,2KnV7HRonyd8pooWYiDd0R,44,0.6148409090909092,0.1935949911880672,0.714090909090909,0.2040100109470027,-6.280590909090909,2.692943123417564,0.5909090909090909,0.4973502728147657,0.0807568181818181,0.0641484339663741,0.1812933181818181,0.2871372924539817,0.1779659090909091,0.1596183004358775,0.5255249999999999,0.2580847112823121,121.80234090909089,24.83414897286918,0.1251272652272727,0.264165186043881,5.0,5.0,3.0,2.0,0.0,6.0,0.0,0.0,1.0,1.0,1.0,1.0,0.0,3.0,0.0,2.0,1.0,4.0,3.0,2.0,3.0,0.0,1.0,0.0
ESTJ,SJ,ESTJ,3ibNiFjj0htdO8lmYQLuLE,22,0.5596818181818182,0.1477695716998135,0.5717272727272728,0.1195998016474632,-8.293818181818182,2.808549780603838,0.5,0.511766315719159,0.0760363636363636,0.0764553062436732,0.2226045454545455,0.2243698572346514,0.1641409090909091,0.1035584107507904,0.3725272727272727,0.2350147638357625,113.80122727272727,33.91053955270265,0.0668306795454545,0.1894009283565023,1.0,0.0,1.0,0.0,0.0,4.0,0.0,0.0,2.0,3.0,0.0,0.0,1.0,1.0,0.0,1.0,2.0,0.0,0.0,2.0,1.0,0.0,0.0,3.0
ESTJ,SJ,Nc500 collab ,5nEUKEKPrLFybYNkTT9wIZ,50,0.6002799999999999,0.1410505829083152,0.78262,0.1396429689440546,-6.29284,2.752244415166706,0.58,0.4985693819032897,0.0728679999999999,0.073461622467178,0.1269675499999999,0.2121809705141078,0.2022739999999999,0.1412562959550432,0.549512,0.2530010507681656,123.01668,23.73622201893648,0.1093040472,0.2618734132164205,2.0,7.0,0.0,2.0,2.0,3.0,0.0,1.0,1.0,4.0,2.0,1.0,2.0,6.0,2.0,1.0,2.0,3.0,2.0,2.0,2.0,2.0,0.0,1.0
ESTJ,SJ,‚ô°Ô∏é,1YUuS7Lq40SlJkwPCQnC2c,14,0.6630000000000001,0.1099181513672787,0.6233571428571427,0.2100243968036743,-7.382500000000001,2.1446435152939305,0.4285714285714285,0.5135525910130955,0.0801142857142857,0.0640743661350184,0.2157272857142857,0.2439860067331821,0.1823714285714285,0.1058807778630244,0.5204285714285714,0.2379656453180759,127.19871428571427,19.498091770255844,0.1396232,0.3074536119385117,1.0,2.0,0.0,0.0,1.0,2.0,0.0,0.0,1.0,0.0,1.0,0.0,0.0,0.0,1.0,1.0,2.0,0.0,0.0,0.0,1.0,1.0,0.0,0.0
ESTJ,SJ,One Song for Every MBTI,5ng1bCMZzaUl7EcM6bR8Du,16,0.5585,0.1538159072831328,0.72275,0.212512431008949,-5.5346875,3.228280630485316,0.6875,0.478713553878169,0.07046875,0.0394292060745162,0.1755116874999999,0.2837242911611479,0.22528125,0.1588507316896379,0.53470625,0.2142677311799422,132.0555625,31.965291045066884,0.0026255012499999,0.0059921662558397,0.0,4.0,1.0,0.0,0.0,1.0,0.0,1.0,1.0,0.0,1.0,0.0,0.0,1.0,1.0,1.0,0.0,0.0,1.0,1.0,0.0,0.0,1.0,1.0
ESTJ,SJ,GOAL GETTERS üéØ HUSTLE & CONQUER üåá  ABUNDANCE üíÑ STEM WOMEN MAGIC ü§ç ,2zn5EVVP0xg6j0Ueaazt59,34,0.7405294117647059,0.1298820526230737,0.6637058823529413,0.0914593897002892,-6.424264705882353,1.2832142481266977,0.5882352941176471,0.4995541684356421,0.10335,0.0726588844178637,0.0851016764705882,0.085016852880712,0.1311676470588235,0.0733336613791074,0.5148058823529411,0.2092408065265103,129.52802941176472,29.133324410045056,0.0200890823529411,0.1144922306719665,1.0,4.0,2.0,6.0,0.0,3.0,0.0,0.0,2.0,1.0,3.0,0.0,1.0,2.0,0.0,1.0,2.0,2.0,1.0,0.0,1.0,2.0,0.0,0.0
ESTJ,SJ,"insensitive, overcommitted, unfocused",1FQec1G0dkdw2ji2U5LsFk,39,0.5677948717948719,0.1329731234195723,0.5574871794871794,0.1845025847479581,-7.450128205128205,2.250829895832426,0.8717948717948718,0.3386884284293705,0.0623846153846153,0.0545409818801737,0.344701564102564,0.300981028735839,0.1393205128205128,0.1183508636917035,0.3604717948717949,0.1727661241598594,125.74379487179486,31.064630213882094,0.0351598487179487,0.1446883816782992,1.0,5.0,0.0,0.0,0.0,2.0,0.0,1.0,0.0,0.0,0.0,1.0,0.0,7.0,0.0,3.0,0.0,5.0,0.0,1.0,4.0,0.0,3.0,6.0
ESTJ,SJ,z√© vicente,14sVAmPaOzYkM9vDJdQwtv,50,0.5782799999999999,0.1286766299762346,0.51754,0.1855511602260262,-7.676559999999999,3.0394473058268274,0.68,0.4712120714991611,0.080754,0.0772800082657282,0.4804142,0.2609515038226569,0.17451,0.1598741804402092,0.422352,0.1988821189569749,124.01441999999996,29.911276447827618,0.0051172369999999,0.035199443650178,2.0,3.0,2.0,5.0,2.0,0.0,2.0,2.0,1.0,0.0,2.0,2.0,0.0,6.0,0.0,0.0,1.0,7.0,1.0,3.0,3.0,2.0,2.0,2.0
ESTJ,SJ,//estj vibes//,045qdltcGYbZp6Db7VqEA4,7,0.7554285714285714,0.0858775429373266,0.8025714285714285,0.0998513180398021,-4.193714285714286,1.8281584280623049,0.2857142857142857,0.4879500364742666,0.0887285714285714,0.0638042766143909,0.2022999999999999,0.1359752551018015,0.2631571428571428,0.2178902388600191,0.5498571428571428,0.1655318988104997,123.01614285714288,16.563342732558255,0.0060648,0.0157160337133769,1.0,1.0,0.0,0.0,0.0,0.0,1.0,0.0,0.0,1.0,1.0,1.0,0.0,0.0,0.0,0.0,0.0,0.0,1.0,0.0,0.0,0.0,0.0,0.0
ESTJ,SJ,Lexie,7GJwwwoGOf6YWB5qlYHvWy,50,0.72736,0.1331674961873817,0.7022800000000001,0.1108672749419828,-6.085340000000001,1.876991455190232,0.5,0.5050762722761054,0.128322,0.0966716497918049,0.0953801939999999,0.1112568307442617,0.176616,0.1422979632708086,0.5869599999999999,0.1915517684595994,120.04222,24.25950978044171,0.0406619467999999,0.1599413789586775,0.0,5.0,3.0,5.0,0.0,1.0,3.0,0.0,2.0,1.0,1.0,2.0,3.0,4.0,0.0,2.0,0.0,1.0,6.0,1.0,6.0,3.0,0.0,1.0
ESTJ,SJ,miss jung,2TQRhJn4WRg8mfxWxMbMxX,41,0.6802439024390244,0.1058349612575648,0.6661219512195122,0.1349450249401494,-5.622,1.5690753646654456,0.4634146341463415,0.5048544827774512,0.0805926829268292,0.0710428194480058,0.1864038780487804,0.2287711892341554,0.1562439024390244,0.1253744432665216,0.5578048780487807,0.2273393080301111,115.96360975609755,23.926863601272576,0.0002263097560975,0.0008078918459963,3.0,1.0,1.0,7.0,1.0,3.0,0.0,0.0,1.0,2.0,1.0,1.0,4.0,1.0,3.0,0.0,3.0,0.0,2.0,1.0,1.0,2.0,1.0,2.0
ESTJ,SJ,estj // the administrator ,1KIdUNGcJLOPTkewJimsQ7,27,0.5568518518518518,0.1079404051045346,0.6394444444444444,0.2343075449938085,-7.475296296296296,4.087855774352715,0.6666666666666666,0.4803844614152613,0.0959148148148148,0.0757390037903635,0.2202718148148148,0.2580597576614969,0.1973740740740741,0.135454007501248,0.4125925925925926,0.203855012439886,114.97588888888887,26.67984062104012,0.0207469999999999,0.0914843549432225,0.0,6.0,0.0,1.0,0.0,1.0,0.0,0.0,1.0,1.0,0.0,0.0,0.0,2.0,0.0,2.0,3.0,2.0,2.0,0.0,2.0,1.0,2.0,1.0
ESTJ,SJ,i üíóestj women,6iV2v3o1GByWIjFUIel9Od,25,0.6942,0.1166444026375319,0.7308800000000001,0.1576690415606902,-5.4304,1.7737795334633146,0.36,0.4898979485566356,0.116364,0.0953019581820506,0.1699635599999999,0.1864265382199469,0.1849839999999999,0.1002190337876659,0.5636,0.2188012797037531,127.74436,25.16617738301416,0.015882078,0.0511502650465479,2.0,4.0,0.0,1.0,0.0,0.0,1.0,0.0,1.0,1.0,0.0,0.0,2.0,1.0,1.0,0.0,5.0,0.0,2.0,0.0,1.0,1.0,2.0,0.0
ESTJ,SJ,danburite,1UCNfnr13eNYMdvnt2hXdi,50,0.6746599999999999,0.1401201539787207,0.7794,0.1464048064338694,-4.78466,1.792005723956784,0.4,0.4948716593053935,0.0956379999999999,0.0842417945861912,0.046930788,0.0831478249580967,0.160784,0.1346163003139072,0.6835799999999999,0.1896230514274387,133.6705,24.13147137800236,0.0008677316,0.0037803132236452,0.0,0.0,4.0,2.0,0.0,3.0,2.0,1.0,4.0,3.0,4.0,0.0,2.0,4.0,1.0,2.0,1.0,1.0,4.0,2.0,5.0,0.0,3.0,2.0
ESTJ,SJ,Estje,7820Q5UTLUDoyk1m8zwdNo,16,0.7473125,0.1119367194742934,0.7333125,0.123152869096366,-6.4305,1.736943829450644,0.5625,0.51234753829798,0.1366812499999999,0.0990911312462758,0.17112125,0.1542733652481853,0.0978875,0.0670380178207361,0.6481875,0.1862006869840531,100.5988125,18.853469923663923,0.0199223924999999,0.0623448772495523,0.0,0.0,0.0,1.0,0.0,0.0,1.0,0.0,1.0,0.0,2.0,1.0,0.0,2.0,0.0,1.0,0.0,2.0,2.0,1.0,1.0,1.0,0.0,0.0
ESTJ,SJ,‚û™ùô¥ùöúùöùùöì,5lDkYQwjkEDOSaw1DDk3jK,30,0.7236999999999999,0.1302787859513801,0.6388999999999998,0.1730428190979888,-6.546166666666667,2.712091038083083,0.7666666666666667,0.4301830671520762,0.1414633333333333,0.1080011190342196,0.1964,0.2100093823191453,0.2121166666666666,0.1652092551538979,0.5441866666666667,0.2133758473442696,123.2701,24.035126856117387,0.0174741246666666,0.0546861821428362,1.0,3.0,1.0,0.0,0.0,2.0,0.0,0.0,2.0,1.0,0.0,1.0,0.0,8.0,0.0,6.0,0.0,2.0,0.0,0.0,2.0,1.0,0.0,0.0
ESTJ,SJ,estj.mp3,6bWyFVQL0JBw2DbZgXhtfa,50,0.69924,0.1134002411544065,0.71092,0.1290451336959757,-5.11556,1.7174517449775788,0.48,0.5046720495044485,0.085436,0.0728800629494116,0.12339438,0.1484717560017406,0.1709419999999999,0.1155337906044312,0.5413399999999999,0.2145774785146714,129.45984,25.373969110544323,0.0019819688,0.0087630234872819,3.0,6.0,4.0,2.0,1.0,3.0,0.0,2.0,3.0,3.0,3.0,3.0,3.0,1.0,1.0,2.0,1.0,1.0,1.0,0.0,3.0,3.0,0.0,1.0
ESTJ,SJ,study like katsuki bakugou and yuri plisetsky,2pa6XDQYHRCDkkdPrIhc0P,50,0.65166,0.1301988447862479,0.7367000000000001,0.1386442003320524,-5.311559999999999,1.671297420495557,0.4,0.4948716593053935,0.10284,0.0821062676272248,0.125542368,0.1747501654467343,0.188396,0.1304541235493168,0.5431400000000001,0.189462075253027,123.46794,27.277880197287164,0.0065897098,0.0340535622645955,4.0,3.0,4.0,5.0,0.0,0.0,1.0,1.0,2.0,3.0,1.0,2.0,2.0,4.0,2.0,1.0,5.0,1.0,4.0,0.0,2.0,0.0,3.0,0.0
ESTJ,SJ,.:+*Sophisticated*+:.,6csbCTIU8mi0VlBWlURGgg,50,0.67376,0.1374084570964708,0.5098599999999999,0.172106873536089,-7.51178,2.2657898770492326,0.68,0.4712120714991611,0.090052,0.0940489933980352,0.344117986,0.2289689737214513,0.1704959999999999,0.1202256296489637,0.4602800000000001,0.1941866386038053,119.08561999999998,26.78036180494344,0.0196618223999999,0.0895576601401863,2.0,6.0,5.0,1.0,1.0,4.0,1.0,2.0,1.0,2.0,2.0,4.0,0.0,6.0,0.0,1.0,0.0,4.0,2.0,1.0,0.0,2.0,0.0,3.0
ESTJ,SJ,MBTI Types As Songs - At Their Best / Worst,1l637Lrl1Jz4OZSppxR35p,32,0.628625,0.1501431037807039,0.6406875000000001,0.169949601163062,-6.48796875,2.6208627548265664,0.8125,0.396557769456266,0.0753906249999999,0.0630191489555408,0.2344976875,0.283038161198808,0.173084375,0.1498496130197786,0.522875,0.2159971251302112,115.63228125,25.779177698082503,0.0250646321874999,0.0950373824788374,0.0,2.0,1.0,2.0,0.0,4.0,0.0,0.0,2.0,1.0,0.0,1.0,1.0,3.0,0.0,2.0,1.0,4.0,0.0,1.0,0.0,2.0,1.0,4.0
ESTJ,SJ,Boss girl energy ,5WULPwXPPWQGIsl1Kklk9u,50,0.6820200000000001,0.14220501010147,0.6600400000000001,0.1596846330766249,-6.04304,2.103286029244793,0.4,0.4948716593053935,0.163166,0.1176389349853601,0.17610476,0.1611701657781663,0.173346,0.1273300423213273,0.5317399999999999,0.1974685518749551,120.3341,31.702752511189217,0.0196107278,0.0842331605736462,1.0,5.0,3.0,2.0,2.0,3.0,0.0,1.0,6.0,1.0,2.0,1.0,4.0,1.0,3.0,3.0,1.0,4.0,4.0,0.0,3.0,0.0,0.0,0.0
ESTJ,SJ,vibes.,0Qbo2YGaReSpEt7ngOZOOz,42,0.6886904761904761,0.1231028695540873,0.7214285714285714,0.1370246805002737,-5.348880952380952,1.6373474712410796,0.3095238095238095,0.4679011380933326,0.0987357142857142,0.0529665463745108,0.1258767857142857,0.1624493188202033,0.1986095238095238,0.1559183538837441,0.5492738095238096,0.2125165187949947,131.77169047619049,28.21962435877981,0.0013844271428571,0.0043939123655788,3.0,2.0,2.0,2.0,1.0,1.0,1.0,0.0,2.0,4.0,4.0,0.0,1.0,4.0,0.0,2.0,4.0,1.0,4.0,0.0,3.0,0.0,0.0,1.0
ESTJ,SJ,ESTJ,6xHuxMuo9Do1T2RuB9CoDP,34,0.7362941176470589,0.1202775903991602,0.7044705882352941,0.1611181074965811,-6.335235294117646,2.390716933915539,0.6764705882352942,0.4748580799338171,0.11245,0.1224295944862213,0.1310162058823529,0.1719315434693245,0.1676470588235294,0.1365848481664899,0.7173529411764706,0.1860706744766038,128.50591176470587,25.62466410525473,0.0229656729411764,0.1110320929110457,0.0,5.0,2.0,3.0,0.0,8.0,1.0,0.0,1.0,2.0,2.0,0.0,0.0,3.0,0.0,0.0,2.0,0.0,0.0,0.0,1.0,1.0,1.0,2.0
ESTJ,SJ,Peony : ESTJ,5RETcSfj7DlHrqafbemo0y,10,0.6566,0.0829192378160822,0.6399999999999999,0.1294526940623485,-6.6459,2.749269577744444,0.8,0.4216370213557839,0.05768,0.030910005571731,0.282317,0.285769013173227,0.13746,0.0927051982241437,0.4868,0.2464583805297222,119.9199,20.70559408281304,0.000388003,0.0008475339555577,0.0,3.0,1.0,0.0,1.0,1.0,0.0,0.0,0.0,0.0,0.0,0.0,0.0,1.0,0.0,1.0,0.0,1.0,0.0,0.0,0.0,0.0,1.0,0.0
ESTJ,SJ,ESTJ,6xHuxMuo9Do1T2RuB9CoDP,34,0.7362941176470589,0.1202775903991602,0.7044705882352941,0.1611181074965811,-6.335235294117646,2.390716933915539,0.6764705882352942,0.4748580799338171,0.11245,0.1224295944862213,0.1310162058823529,0.1719315434693245,0.1676470588235294,0.1365848481664899,0.7173529411764706,0.1860706744766038,128.50591176470587,25.62466410525473,0.0229656729411764,0.1110320929110457,0.0,5.0,2.0,3.0,0.0,8.0,1.0,0.0,1.0,2.0,2.0,0.0,0.0,3.0,0.0,0.0,2.0,0.0,0.0,0.0,1.0,1.0,1.0,2.0
ESTJ,SJ,Jeff Lorber,2riHshJbxQOL3E9AuyDsCd,45,0.7218888888888889,0.078126128274681,0.6809333333333334,0.1003503861477373,-8.833066666666667,1.4198671096588262,0.4444444444444444,0.5025189076296062,0.0472822222222222,0.0181191672607275,0.2883799999999999,0.2039134370711793,0.1357866666666666,0.0800934953663529,0.7540222222222221,0.1280964638091311,111.1978,19.843568492770466,0.6263186666666667,0.2686307483381738,1.0,5.0,2.0,3.0,2.0,0.0,0.0,0.0,4.0,8.0,0.0,1.0,1.0,0.0,2.0,7.0,1.0,1.0,2.0,1.0,2.0,0.0,0.0,2.0
ESTJ,SJ,ESTJZ,7zvCKVErsFevS7xidKcZfg,5,0.7549999999999999,0.101210177353861,0.61,0.0489642726893803,-8.4252,1.5884302628696043,0.2,0.447213595499958,0.05632,0.0258187335088303,0.403636,0.3037109521897423,0.17792,0.0860949011266056,0.6729999999999999,0.203365434624471,124.9444,22.532434473442944,0.183573,0.3880112497660344,0.0,0.0,0.0,1.0,1.0,0.0,0.0,0.0,2.0,0.0,0.0,0.0,0.0,0.0,0.0,0.0,1.0,0.0,0.0,0.0,0.0,0.0,0.0,0.0
ESTJ,SJ,one song for each mbti | classical,0NObHzrSiLXhHQY7E07VdF,16,0.27625,0.1127679032349187,0.1572124999999999,0.1060036846843856,-19.74275,7.1445164846895,0.375,0.5,0.04355,0.0242951847080856,0.8785624999999999,0.1400166507955393,0.1308625,0.0852618701413474,0.2090375,0.2116333807161179,106.9456875,46.95799178658694,0.681806709375,0.3880557130854427,2.0,2.0,1.0,1.0,1.0,0.0,0.0,0.0,2.0,1.0,0.0,0.0,2.0,0.0,0.0,0.0,0.0,1.0,0.0,1.0,1.0,0.0,0.0,1.0
ESTJ,SJ,estj-7w6,36v9lFXfSdrMeuQjwC3Aw7,17,0.525705882352941,0.0920609612606521,0.8476470588235294,0.0966869569645194,-6.390294117647059,2.6519011521148816,0.4705882352941176,0.5144957554275265,0.0733058823529411,0.0605028250434249,0.0148278247058823,0.0463124484532412,0.1956588235294117,0.1946376507090275,0.5938823529411765,0.1808438146415786,128.28058823529412,18.79810872487849,0.1094251582352941,0.2184094052021484,0.0,0.0,0.0,1.0,1.0,3.0,0.0,0.0,4.0,0.0,1.0,0.0,0.0,1.0,0.0,0.0,0.0,1.0,0.0,0.0,3.0,1.0,1.0,0.0
ESTJ,SJ,ESTJ odes‚ö°,4Kr16jC3oHpbC6Do76z2m4,50,0.60318,0.1508037906198187,0.72872,0.1820641331273916,-6.0318200000000015,2.433335626883645,0.7,0.4629100498862757,0.1038899999999999,0.0877303062382268,0.1538256399999999,0.2005062646237717,0.168132,0.1313592354995278,0.478082,0.2380800240101068,132.14687999999998,31.44446024188797,0.0269809088,0.0939548812681418,2.0,5.0,0.0,5.0,0.0,7.0,1.0,0.0,1.0,0.0,4.0,2.0,2.0,9.0,0.0,0.0,2.0,5.0,2.0,1.0,1.0,1.0,0.0,0.0
ESTJ,SJ,estj kpop,3qXgTm47Q9j9MWStRmy4WU,26,0.6856923076923077,0.0725593656150709,0.847576923076923,0.0782627232221946,-3.242346153846154,1.2739371708936889,0.1923076923076923,0.4019184762342501,0.0732230769230769,0.0390864406943615,0.0903918076923076,0.1080472325280084,0.2276346153846153,0.1547753622313517,0.6231153846153846,0.1722278321115555,124.9400769230769,21.21066915667316,0.0030632353846153,0.0155901102741298,0.0,1.0,0.0,0.0,0.0,1.0,1.0,0.0,1.0,1.0,4.0,1.0,2.0,0.0,4.0,0.0,2.0,1.0,4.0,0.0,2.0,0.0,0.0,1.0
ESTJ,SJ,nei/estj,0NlPr6F50XNNC606V4pHJP,50,0.6627,0.1401704865730388,0.6959800000000002,0.1229385926022435,-6.199480000000001,2.109614484947912,0.66,0.4785181206984066,0.084968,0.086180637154805,0.2057848,0.1970274468214507,0.175866,0.121470576953047,0.568888,0.2407072543610616,117.63772,22.33829666559203,0.050008706,0.1611336585271814,1.0,4.0,3.0,6.0,2.0,2.0,2.0,2.0,0.0,3.0,1.0,1.0,1.0,4.0,1.0,2.0,1.0,4.0,0.0,1.0,2.0,1.0,0.0,6.0
ESTJ,SJ,‚ù• personalidade femme fatale estj sexy,0TCTkFDDO9bQYCkjadNZfV,50,0.6028399999999999,0.1526773789427115,0.6103200000000001,0.173687314635543,-7.37678,2.688492767104928,0.48,0.5046720495044485,0.0887159999999999,0.0864985533912302,0.3275543999999999,0.2930498354230375,0.177848,0.1314417900805974,0.443968,0.2225531355402019,115.68906000000004,23.78281474940445,0.0116399268,0.0590744289909104,4.0,1.0,4.0,4.0,0.0,5.0,0.0,1.0,2.0,1.0,1.0,1.0,2.0,5.0,2.0,2.0,4.0,2.0,5.0,0.0,1.0,1.0,1.0,1.0
ESTJ,SJ,Playlist#61,4I5RJApWORLvGTzCvkXDd3,49,0.4913469387755102,0.1550950717866851,0.6011204081632653,0.2358161138998561,-7.423204081632654,4.154511107316518,0.5714285714285714,0.5000000000000002,0.0555204081632653,0.0477579922612951,0.2756173591836735,0.2995852975630312,0.1543612244897959,0.1004047554823445,0.3638551020408163,0.2197016983901358,117.39159183673468,30.795497896688275,0.1326965002040816,0.2761399967685921,1.0,8.0,1.0,4.0,2.0,1.0,1.0,1.0,2.0,0.0,1.0,2.0,3.0,2.0,1.0,3.0,3.0,1.0,4.0,0.0,2.0,1.0,0.0,5.0
ESTJ,SJ,estj x infp,2L5alRgF9Wf81fVGGbCOsC,16,0.5860624999999999,0.1296299701715103,0.6112500000000001,0.1618569327111652,-7.325312500000001,2.325578944943961,0.625,0.5,0.0447937499999999,0.0279511113374763,0.29598008125,0.3160697782633854,0.14044375,0.0855728614982577,0.5570625,0.2191929040061896,109.7466875,26.84785799703892,0.19577566875,0.3237223413007031,1.0,0.0,0.0,2.0,0.0,0.0,0.0,0.0,1.0,1.0,2.0,1.0,1.0,0.0,0.0,2.0,0.0,1.0,0.0,0.0,0.0,1.0,1.0,2.0
ESTJ,SJ,so good music,3SnyeW2QNl5Xo3fQMzWP7S,50,0.6382800000000001,0.1437203974843558,0.6571600000000001,0.1929328274772526,-6.58538,2.4803906365320603,0.74,0.4430874976934519,0.08457,0.0847229319846854,0.28304888,0.298898691642806,0.16167,0.1231785683220809,0.55114,0.2286001776562953,123.93822,34.43982650071849,0.0011294128,0.0039553864194776,1.0,11.0,2.0,4.0,0.0,2.0,0.0,0.0,1.0,2.0,1.0,0.0,3.0,6.0,0.0,1.0,0.0,3.0,0.0,2.0,3.0,1.0,3.0,4.0
ESTJ,SJ,killian.,0xlJ0VqeW8QsoJqISa59YD,50,0.57792,0.1838802671660589,0.73406,0.1936217024857218,-6.007739999999999,2.866827727076514,0.52,0.5046720495044485,0.135336,0.1227307036414545,0.154515516,0.2608250707869066,0.250736,0.1745780788539229,0.436502,0.2236293786055629,125.15708,30.34273060159247,0.0568007324,0.1852281063199741,2.0,2.0,1.0,4.0,1.0,4.0,0.0,0.0,5.0,5.0,1.0,2.0,3.0,3.0,2.0,2.0,0.0,3.0,2.0,2.0,2.0,0.0,2.0,2.0
ESTJ,SJ,oui ,1LnYglLxHskJ8uwGHm0ORF,50,0.0,0.0,0.0,0.0,0.0,0.0,0.0,0.0,0.0,0.0,0.0,0.0,0.0,0.0,0.0,0.0,0.0,0.0,0.0,0.0,0.0,0.0,0.0,0.0,0.0,0.0,0.0,0.0,0.0,0.0,0.0,0.0,0.0,0.0,0.0,0.0,0.0,0.0,0.0,0.0,0.0,0.0,0.0,0.0
ESTJ,SJ,ESTJ vibes for someone else uwu,7zwPXBaWrN2DUkNhL9icmP,27,0.6392592592592593,0.1638283793844579,0.7039259259259261,0.1388139113860783,-5.871074074074074,2.5314617383566222,0.5185185185185185,0.5091750772173157,0.1056592592592592,0.0884332266970146,0.1504796296296296,0.219188313776103,0.1831814814814814,0.1602030851451634,0.5345185185185185,0.1888534984442805,127.52966666666669,27.545770549284807,0.0077098251851851,0.031627007829929,0.0,2.0,1.0,0.0,3.0,2.0,0.0,0.0,1.0,0.0,1.0,0.0,0.0,4.0,2.0,0.0,2.0,3.0,2.0,2.0,1.0,1.0,0.0,0.0
ESTJ,SJ,Zaros Trevils,5tdJ8O51AqnSqaFJrQCeB8,50,0.55562,0.1060527188886426,0.70584,0.1507525828120029,-6.226419999999999,2.2782340555431824,0.48,0.5046720495044484,0.0608979999999999,0.0406926834420425,0.15037606,0.1919756304439271,0.194282,0.1065904151796176,0.455686,0.2278099297346678,115.00736,27.74121026284446,0.0280847496,0.0776744799442946,1.0,4.0,1.0,3.0,0.0,1.0,1.0,1.0,2.0,4.0,6.0,2.0,1.0,1.0,1.0,4.0,4.0,3.0,1.0,1.0,4.0,2.0,1.0,1.0
ESTJ,SJ,Kazuki ü•ã,5G0ixxWDwlOCGztruN851S,27,0.5691481481481481,0.1353467636803571,0.552962962962963,0.222565026190529,-7.70862962962963,3.0961064649274004,0.7037037037037037,0.4653216269680751,0.0737148148148148,0.1007911881973499,0.4361955555555554,0.2949055475563102,0.1461777777777777,0.1405647820356078,0.3707037037037037,0.1973898553263439,123.1641851851852,36.87973492524987,0.0243081377777777,0.0844414063382836,1.0,4.0,0.0,3.0,1.0,0.0,1.0,0.0,0.0,2.0,0.0,1.0,1.0,1.0,1.0,1.0,0.0,2.0,0.0,0.0,1.0,2.0,2.0,3.0
ESTJ,SJ,"a playlist for my fatui oc, Kyra",5mvpwx26PnBZmqKYzjNBcx,44,0.5737727272727273,0.1471211909287577,0.6709772727272728,0.1550600016852237,-6.058022727272728,2.023607686593155,0.4772727272727273,0.5052577681363806,0.0567136363636363,0.0307836228802286,0.0936780931818181,0.1593478731476797,0.2308659090909091,0.1694961890813708,0.3940999999999999,0.2004920586492027,117.3119090909091,22.51285255325425,0.038284351590909,0.1169639871947125,2.0,0.0,1.0,2.0,0.0,1.0,0.0,0.0,2.0,2.0,2.0,3.0,2.0,4.0,2.0,0.0,5.0,3.0,4.0,4.0,1.0,3.0,0.0,1.0
ESTJ,SJ,LSE,5bjplNYLKrmlxj3FEPltMs,40,0.620125,0.1109220533666633,0.70695,0.2268249014051056,-7.0344,4.316281250787237,0.65,0.4830458915396479,0.139725,0.181634964653327,0.23521595,0.3023485236231949,0.2428374999999999,0.1868350262109082,0.6224000000000001,0.1782400858536827,125.0789,31.2324863742538,0.0042827385,0.0148754685637009,2.0,3.0,1.0,2.0,0.0,2.0,0.0,1.0,1.0,0.0,2.0,2.0,2.0,3.0,1.0,0.0,1.0,6.0,2.0,1.0,2.0,1.0,2.0,3.0
ESTJ,SJ,vien,0WpdtAtKup1GZeQYkNW1aj,15,0.4852,0.1954482759489798,0.5579333333333334,0.240441399652112,-9.3244,3.8338510441293137,0.4666666666666667,0.5163977794943222,0.0587933333333333,0.0358675433597934,0.4329119333333333,0.3881867952145253,0.2011666666666666,0.15063182962189,0.3802466666666666,0.2433922432930805,130.0666,32.43986998124376,0.3114101053333333,0.4478023323897812,0.0,2.0,0.0,0.0,2.0,0.0,0.0,0.0,0.0,0.0,1.0,2.0,0.0,1.0,0.0,0.0,2.0,1.0,0.0,0.0,3.0,0.0,1.0,0.0
ESTJ,SJ,Fi dom: INFP & ISFP,2up79VJcEpVsHuMvySWCG2,47,0.666127659574468,0.1406417924499462,0.6080851063829786,0.1871903042113808,-6.542978723404256,2.785744116415964,0.4042553191489361,0.4960528753410618,0.1031425531914893,0.0906680969362165,0.2487744680851064,0.2625503098191353,0.1774510638297872,0.1419542499361347,0.4685106382978724,0.1767572484634401,119.80225531914893,34.395864725832126,0.004729809574468,0.0201723329626963,1.0,1.0,2.0,3.0,0.0,5.0,1.0,0.0,1.0,5.0,8.0,3.0,3.0,2.0,0.0,1.0,4.0,0.0,1.0,3.0,2.0,0.0,0.0,1.0
ESTJ,SJ,0418,5qCMbMTUiI6khlOvyjZQBR,50,0.4918599999999999,0.1635063513713626,0.70868,0.2391951163244546,-7.30734,3.6813534701026382,0.6,0.4948716593053935,0.0623499999999999,0.0489998011241278,0.2250681322,0.3280633794802264,0.18427,0.129408530851497,0.445084,0.2445343991994515,129.1719,31.02185629536383,0.2154492449999999,0.3247790205816983,1.0,4.0,2.0,2.0,1.0,6.0,1.0,1.0,3.0,2.0,0.0,3.0,0.0,4.0,2.0,3.0,3.0,2.0,0.0,0.0,5.0,1.0,3.0,1.0
ESTJ,SJ,‚Äî dove brown.,1O51Bkvq8uOvVDVP9CmYPp,18,0.5528888888888889,0.1551003048841729,0.5956111111111111,0.1371946401323526,-7.224888888888889,2.1010327961403923,0.5,0.5144957554275266,0.0761611111111111,0.0813947110500928,0.2996298333333334,0.3015942911778806,0.13015,0.0767048756023792,0.3647222222222223,0.1841673808876222,129.45322222222222,34.68479774730194,0.0415835583333333,0.1365036542450279,1.0,4.0,0.0,1.0,0.0,0.0,0.0,0.0,0.0,0.0,1.0,0.0,2.0,1.0,1.0,1.0,2.0,0.0,0.0,1.0,2.0,1.0,0.0,0.0
ESTJ,SJ,carnal torture ,57nutEVU1h72keSexza99C,50,0.51778,0.1425571550255531,0.67494,0.1822670624134166,-7.902200000000001,2.822675514688943,0.6,0.4948716593053935,0.0526079999999999,0.0432080578274989,0.146922438,0.2116678055048647,0.212286,0.162002897441965,0.3606959999999999,0.2344990430858157,114.93462,24.479428911480856,0.19720285,0.308494974101419,1.0,3.0,2.0,0.0,1.0,4.0,1.0,0.0,1.0,3.0,1.0,1.0,2.0,2.0,1.0,2.0,3.0,3.0,0.0,2.0,4.0,5.0,4.0,4.0
ESTJ,SJ,Mbti edge,4DjK4n3nbkuaibAt7ctnzH,16,0.5853125,0.1819082987844883,0.694375,0.1736363537204503,-5.307062500000001,1.531873513871168,0.5625,0.51234753829798,0.09024375,0.0860535567248675,0.15391159375,0.2441732762062779,0.1578,0.1065317042011438,0.5220625,0.2437776223665057,122.609875,33.19806081058551,0.0009960725,0.0029272390728113,0.0,1.0,0.0,2.0,1.0,0.0,0.0,2.0,1.0,1.0,0.0,0.0,0.0,1.0,0.0,0.0,1.0,1.0,2.0,0.0,1.0,0.0,1.0,1.0
ESTJ,SJ,Your mom playlist ,2B8UuRXLzYRRHKkKks7oxJ,50,0.63604,0.1523821672570618,0.65242,0.1760418653824905,-6.553019999999999,2.8130415777160467,0.54,0.5034574339058886,0.0953759999999999,0.0887046039345403,0.20950761,0.2220479508751888,0.156414,0.1230124102085074,0.558718,0.2778598785689782,125.04287999999998,29.28428334388427,0.0389386527999999,0.1495546237749147,1.0,6.0,1.0,2.0,0.0,2.0,1.0,1.0,4.0,4.0,0.0,1.0,2.0,4.0,2.0,2.0,2.0,0.0,3.0,2.0,3.0,1.0,3.0,3.0
ESTJ,SJ,jade,2Ut7Jog1ujsJ37aBQlHRJ5,45,0.6407333333333334,0.145204777031361,0.6783333333333333,0.1824822531844472,-5.763733333333334,2.075266394728857,0.5555555555555556,0.5025189076296063,0.1069777777777777,0.077171270233779,0.1488071333333333,0.165349965041451,0.1925044444444445,0.1268794255037499,0.5557111111111109,0.2316915683150399,123.6503777777778,27.039629531392432,0.0001314115555555,0.0005088235211694,2.0,4.0,2.0,4.0,2.0,5.0,0.0,1.0,0.0,1.0,1.0,2.0,3.0,2.0,1.0,3.0,2.0,0.0,4.0,1.0,2.0,1.0,1.0,1.0
