mbti,function_pair,playlist_name,playlist_id,track_count,danceability_mean,danceability_stdev,energy_mean,energy_stdev,loudness_mean,loudness_stdev,mode_mean,mode_stdev,speechiness_mean,speechiness_stdev,acousticness_mean,acousticness_stdev,liveness_mean,liveness_stdev,valence_mean,valence_stdev,tempo_mean,tempo_stdev,instrumentalness_mean,instrumentalness_stdev,Cminor_count,CMajor_count,C#/Dbminor_count,C#/DbMajor_count,DMajor_count,D#_Ebminor_count,D#_EbMajor_count,Eminor_count,EMajor_count,Fminor_count,FMajor_count,F#/Gbminor_count,GMajor_count,G#/AbMajor_count,AMajor_count,A#/Bbminor_count,A#/BbMajor_count,Bminor_count,BMajor_count,F#/GbMajor_count,Gminor_count,G#/Abminor_count,Aminor_count,Dminor_count
ISTJ,SJ,Istj üòå,7n03GjfjmqX9aVDgEML0Uu,46,0.5633913043478261,0.1600829615835863,0.4870521739130434,0.2317328430558013,-8.983978260869566,4.550645070215042,0.6521739130434783,0.4815434123430767,0.0817673913043478,0.0704659825080247,0.4229091304347827,0.3528831230612329,0.1576826086956521,0.1403791078225085,0.3504434782608694,0.2106340108151513,128.3426086956522,34.81741291140798,0.0587689639130434,0.1821329213765783,2.0,2.0,1.0,4.0,1.0,2.0,2.0,2.0,3.0,3.0,3.0,3.0,5.0,3.0,2.0,1.0,1.0,2.0,4.0,0.0,0.0,0.0,0.0,0.0
ISTJ,SJ,POV: you‚Äôre an istj ,2AxqeM4iZrKp93SHznEJpl,50,0.63074,0.138956726489705,0.6881800000000001,0.1693210559853676,-7.0192,3.4038066805221687,0.58,0.4985693819032898,0.0890739999999999,0.0910593948576242,0.1547273,0.1988182382913486,0.218076,0.1527636557375009,0.5162720000000001,0.2334723119011969,126.9971,31.122696017504,0.1810559498,0.306965826476444,3.0,4.0,1.0,1.0,2.0,0.0,0.0,2.0,2.0,1.0,2.0,3.0,2.0,6.0,3.0,2.0,1.0,3.0,3.0,3.0,1.0,2.0,3.0,0.0
ISTJ,SJ,This Is IST IST,37i9dQZF1DZ06evO3wl9ok,29,0.4497206896551724,0.1234561153357463,0.657755172413793,0.2476821603619775,-8.765172413793104,5.309713276284764,0.5862068965517241,0.5012300141587651,0.0394448275862068,0.0132848352376173,0.2149097365517241,0.28528790866774,0.166103448275862,0.130573387910944,0.2890448275862068,0.1864682634548358,125.05258620689656,26.6330098340886,0.4502172413793103,0.3217627576213851,1.0,3.0,0.0,1.0,3.0,0.0,1.0,2.0,3.0,0.0,2.0,1.0,3.0,0.0,0.0,0.0,1.0,2.0,0.0,0.0,0.0,1.0,4.0,1.0
ISTJ,SJ,ISTJ energy.,0wiM37pbpWhoNRGJSougUy,50,0.54702,0.16999717764764,0.5503399999999999,0.2331027390203202,-9.4898,5.860784557774928,0.56,0.5014265364224069,0.060368,0.0520131907916302,0.3196682319999999,0.334081615383655,0.182704,0.133359192669226,0.416902,0.2435299097332684,122.06369999999998,28.36490800357055,0.1813093188,0.3245759071716831,1.0,4.0,2.0,1.0,2.0,1.0,1.0,3.0,2.0,1.0,5.0,4.0,5.0,0.0,3.0,1.0,1.0,3.0,2.0,2.0,0.0,1.0,5.0,0.0
ISTJ,SJ,This Is IAMJJ,37i9dQZF1DZ06evO3n6Dza,20,0.5933999999999999,0.1591961385408446,0.5523,0.1214673878692938,-9.5779,1.585899044374316,0.3,0.4701623459816271,0.06076,0.0307348661946005,0.140279,0.1373801538145349,0.21524,0.1821001962483407,0.38925,0.1537622481214697,115.3575,34.01341280405345,0.12467022,0.2557035455638867,0.0,1.0,1.0,0.0,1.0,0.0,0.0,1.0,0.0,0.0,1.0,3.0,1.0,0.0,1.0,0.0,0.0,5.0,0.0,1.0,0.0,1.0,2.0,1.0
ISTJ,SJ,ISTJ songs,4qhJjuTNmmAwRoFAER1Wxr,50,0.52244,0.1570816971891911,0.55362,0.240320439991173,-8.684,4.00824349539388,0.8,0.4040610178208843,0.0527459999999999,0.0379844555209692,0.34194024,0.3221761466243215,0.13787,0.0729304176343899,0.4178900000000001,0.2633636782869201,120.54648000000002,36.50973854832349,0.0482518878,0.1751763493406,1.0,9.0,2.0,5.0,3.0,1.0,0.0,0.0,3.0,0.0,2.0,2.0,6.0,1.0,2.0,1.0,4.0,0.0,3.0,2.0,2.0,0.0,1.0,0.0
ISTJ,SJ,istj 5w6,1sEZwkcsP4W1rgCvVQ3hFl,50,0.5642999999999999,0.1256651283761566,0.49496,0.1975666211583282,-9.04946,4.147099976206634,0.68,0.4712120714991612,0.0699299999999999,0.0699289442569953,0.385512822,0.3315284693427879,0.160834,0.0913703957995773,0.366208,0.2219258295292481,121.07372,30.43687703953873,0.0719117718,0.1975002139102706,1.0,4.0,4.0,1.0,3.0,0.0,2.0,5.0,4.0,0.0,8.0,1.0,2.0,4.0,2.0,1.0,1.0,1.0,2.0,1.0,1.0,0.0,2.0,0.0
ISTJ,SJ,istj // the logistician ,00Ni0Ve2XMw43uPE6g73RN,26,0.5376538461538461,0.1426349024068632,0.6078461538461538,0.2026243208122247,-7.508384615384615,2.985350258538157,0.8461538461538461,0.3679464844031199,0.0692307692307692,0.0556820241674511,0.2448342692307692,0.2515506542044456,0.1853461538461538,0.1424741189992603,0.5020384615384615,0.2383824625712606,135.6893076923077,32.501272969247495,0.0111873684615384,0.0335490882006253,0.0,8.0,0.0,1.0,3.0,0.0,0.0,1.0,1.0,0.0,2.0,3.0,1.0,0.0,3.0,0.0,0.0,0.0,3.0,0.0,0.0,0.0,0.0,0.0
ISTJ,SJ,istj,4EpxqOOsU8y8CxKzn9AGVW,50,0.45036,0.146157415836767,0.5079,0.2521525493887882,-10.16168,3.841948487580813,0.66,0.4785181206984066,0.047934,0.0512042672408605,0.4176356599999999,0.3627690089871724,0.158594,0.1269710482989033,0.37792,0.2231320566253929,117.96339999999998,33.082589824713004,0.1430112374,0.2511809214223395,0.0,5.0,5.0,4.0,5.0,0.0,1.0,2.0,1.0,2.0,3.0,2.0,3.0,2.0,3.0,1.0,2.0,0.0,3.0,1.0,0.0,1.0,4.0,0.0
ISTJ,SJ,ISTJ playlist ·∂†·µí ≥  ∏·µí·µò  Í®ÑÔ∏é,5CqvuCVmeSDhHBQWceX7ty,50,0.56196,0.1696954005846705,0.57313,0.2507224453291661,-8.196660000000001,4.035303137640722,0.62,0.4903143514780144,0.065914,0.0641396117855416,0.302781846,0.3347780252169403,0.2029139999999999,0.1560715560770973,0.427926,0.2704029916284815,114.61918,29.414225174911685,0.1422160018,0.2903035215048751,1.0,4.0,2.0,3.0,4.0,0.0,3.0,3.0,2.0,1.0,1.0,0.0,4.0,2.0,4.0,5.0,2.0,0.0,1.0,1.0,0.0,3.0,2.0,2.0
ISTJ,SJ,"Virgo, ISTJ, and Dowon",6UKCZ2kH7sCFzg4u5135cv,50,0.62896,0.1323642099724568,0.50304,0.1813508224859389,-7.57832,2.8599670359167804,0.7,0.4629100498862757,0.085226,0.0656719174288029,0.460976,0.2765570978872839,0.18969,0.1269102145259411,0.4665800000000001,0.2018220159508099,108.32282,30.4889695475098,0.0086307054,0.0485220016052516,1.0,5.0,2.0,1.0,6.0,1.0,3.0,2.0,2.0,0.0,3.0,3.0,4.0,4.0,3.0,1.0,1.0,1.0,3.0,0.0,0.0,1.0,2.0,1.0
ISTJ,SJ,ISTJ,0Re9fC5x4DJAZWTCvOM0nj,36,0.508611111111111,0.1210674611889179,0.5044166666666666,0.2308245313776555,-9.086361111111112,3.984779148945775,0.5833333333333334,0.4999999999999999,0.0641638888888888,0.0648781369856607,0.4202604444444444,0.3400430650874717,0.1460638888888888,0.0833558572893617,0.2966083333333333,0.1775155854324587,118.07283333333332,31.12267716404138,0.1572363658333333,0.2801753604127244,2.0,4.0,1.0,1.0,2.0,0.0,0.0,0.0,1.0,2.0,3.0,2.0,1.0,1.0,4.0,0.0,2.0,1.0,0.0,2.0,3.0,2.0,2.0,0.0
ISTJ,SJ,ISTJ's values,0e73cAuDPlQ3X8kP2W67TC,17,0.6091176470588235,0.1083558272273237,0.5062352941176471,0.1607655627815565,-9.040176470588236,2.591934273744565,0.7058823529411765,0.4696682183138621,0.0836117647058823,0.0582627119428985,0.3981941176470588,0.2765189244667266,0.1732529411764706,0.1155106711393316,0.4447058823529412,0.1687556535000688,117.3405294117647,39.12136528822462,0.0222476570588235,0.0875762936961173,0.0,2.0,0.0,0.0,1.0,1.0,0.0,0.0,1.0,1.0,1.0,0.0,2.0,0.0,3.0,2.0,1.0,0.0,0.0,1.0,1.0,0.0,0.0,0.0
ISTJ,SJ,istj made by an istj,1YDlGxCwnHD18LIxUCdYRd,28,0.5585357142857142,0.1848902541635337,0.5592142857142857,0.2376378129817099,-9.526571428571428,4.450996529522361,0.6785714285714286,0.4755948656056708,0.0610714285714285,0.0336856696330106,0.2404157142857143,0.279694791757923,0.1665964285714286,0.1367920657276281,0.3928357142857143,0.2258248357799169,129.08246428571428,35.80404497165104,0.1540875346428571,0.2602532146744492,0.0,2.0,1.0,1.0,1.0,1.0,1.0,0.0,1.0,0.0,2.0,1.0,2.0,2.0,2.0,1.0,3.0,0.0,1.0,1.0,1.0,0.0,4.0,0.0
ISTJ,SJ,Istj,76I2yauVptFj4H3CqtLQGD,50,0.5696599999999999,0.1211719321578109,0.5951580000000001,0.2235314615942216,-8.015059999999998,4.126836948609451,0.72,0.4535573676110727,0.083228,0.0898065836412126,0.284569,0.2774370786218095,0.181464,0.1379060857013547,0.48418,0.2051683917653785,124.77134,31.35268863815708,0.0368287984,0.1467598785354952,0.0,5.0,1.0,4.0,2.0,0.0,2.0,2.0,1.0,2.0,6.0,0.0,9.0,1.0,2.0,1.0,1.0,4.0,2.0,1.0,0.0,0.0,2.0,2.0
ISTJ,SJ,ISTJ,3RqSdOTz8Zz72dBEVT7JrO,50,0.61382,0.153967222856963,0.75714,0.1335942700103258,-5.1324000000000005,2.0237890811292463,0.54,0.5034574339058886,0.130164,0.1030595404687632,0.1017229279999999,0.1658507308346569,0.212236,0.1310395013820221,0.48856,0.2123004378666406,127.43038,33.55854342445483,0.0078477176,0.0300557623724826,2.0,1.0,4.0,7.0,7.0,1.0,2.0,5.0,3.0,2.0,0.0,1.0,3.0,0.0,0.0,2.0,2.0,2.0,2.0,0.0,2.0,0.0,1.0,1.0
ISTJ,SJ,ISTJ,3Nn0M9rF3X5umZzMojv9CL,27,0.7034074074074075,0.1378107005054004,0.5975925925925927,0.128459289947396,-7.817814814814813,2.6357244229278285,0.7037037037037037,0.4653216269680751,0.1003407407407407,0.0735609546266498,0.2822525925925925,0.2184795722996791,0.1556222222222222,0.0855617650649262,0.4589814814814814,0.1960314182766807,112.77966666666669,23.320556837922403,9.365481481481482e-05,0.0003631141794402,1.0,0.0,1.0,5.0,3.0,0.0,0.0,0.0,0.0,2.0,1.0,1.0,1.0,2.0,2.0,1.0,2.0,0.0,3.0,0.0,0.0,1.0,1.0,0.0
ISTJ,SJ,ISTJ ,3bHvNQPiyZ65kuvriBNGup,14,0.6192857142857144,0.1175214733710256,0.6738571428571429,0.1222738774182822,-5.106857142857144,1.9269768613493583,0.4285714285714285,0.5135525910130955,0.0474,0.0195585511497381,0.1386621428571428,0.1663609973788961,0.15,0.0947696235006847,0.4307857142857142,0.2168786185054561,114.12250000000002,22.94203627455673,0.0240761528571428,0.0562408993770239,3.0,0.0,1.0,1.0,2.0,0.0,0.0,0.0,1.0,0.0,0.0,1.0,0.0,2.0,0.0,0.0,0.0,0.0,0.0,0.0,1.0,0.0,2.0,0.0
ISTJ,SJ,God OFF / ISTJ,7tt2GX5h9ELKRIzPwZ61PP,50,0.60972,0.1294418220905532,0.67384,0.1724318688286916,-7.324460000000001,2.839061631480891,0.68,0.4712120714991611,0.069198,0.0594042068530229,0.20677517,0.2276621029660074,0.180894,0.1381415370154089,0.4746599999999999,0.2222701619605276,123.67157999999998,30.745632833464395,0.0725439264,0.1696932653044749,1.0,3.0,2.0,8.0,5.0,0.0,0.0,1.0,4.0,3.0,1.0,1.0,4.0,4.0,2.0,3.0,0.0,2.0,2.0,1.0,1.0,1.0,1.0,0.0
ISTJ,SJ,ISTJ,0mcoLfM3gkDdwL7ngJUpr0,15,0.5304666666666668,0.1829031229393101,0.6645333333333332,0.1450836540298963,-6.4118,2.106510832090423,0.4,0.50709255283711,0.0599133333333333,0.0304057763935611,0.1870354666666666,0.2251627402942993,0.2630333333333333,0.2053048662239599,0.4154,0.1922772551737278,126.91066666666669,35.661114778398264,0.0248450466666666,0.0638115134883741,1.0,1.0,3.0,0.0,1.0,0.0,0.0,1.0,0.0,0.0,2.0,0.0,0.0,1.0,0.0,0.0,1.0,0.0,0.0,0.0,1.0,1.0,0.0,2.0
ISTJ,SJ,ISTJ Type Beat,5l4jWrmH1z6rsmWlt4y0zw,16,0.5700624999999999,0.0968059700294012,0.6484375,0.2525578399099897,-7.514625,4.005190363765498,0.875,0.3415650255319866,0.03895625,0.0147984669814139,0.265618125,0.3551409006806313,0.1110875,0.036242569353363,0.454875,0.1854234343334197,124.61225,21.34712466664617,0.0920848062499999,0.1983078746023985,0.0,3.0,0.0,0.0,2.0,1.0,1.0,1.0,0.0,0.0,1.0,0.0,4.0,0.0,2.0,0.0,0.0,0.0,1.0,0.0,0.0,0.0,0.0,0.0
ISTJ,SJ,istj,3yPDxzOKVmctwv3MaDMGjD,36,0.5460833333333333,0.1379081215882516,0.5432777777777777,0.1877464264238354,-8.464555555555556,3.182857345615678,0.5277777777777778,0.5063093978480018,0.04595,0.0268349612046886,0.3154470677777777,0.3225009109007817,0.1710611111111111,0.1196029031606024,0.34175,0.2066953707408907,121.21761111111113,23.166145630797143,0.0880552997222222,0.2289608290317418,1.0,3.0,3.0,2.0,3.0,0.0,0.0,2.0,1.0,2.0,2.0,1.0,2.0,1.0,2.0,3.0,1.0,1.0,1.0,1.0,3.0,0.0,0.0,1.0
ISTJ,SJ,infp to istj era,5O9q8DyqFCN2RhyeWZ9ia2,36,0.5826944444444444,0.1274523596025353,0.724888888888889,0.1542037201288844,-4.780388888888888,1.4364870498700797,0.8888888888888888,0.3187276291558383,0.0816972222222222,0.0725043032658303,0.1913113888888888,0.1539013249205528,0.2012638888888889,0.1456681338871296,0.5054166666666666,0.2034175684223394,127.9546388888889,32.690486297263725,2.567638888888889e-05,0.0001380747161742,1.0,4.0,0.0,4.0,3.0,1.0,3.0,1.0,4.0,0.0,4.0,1.0,2.0,1.0,3.0,0.0,2.0,0.0,2.0,0.0,0.0,0.0,0.0,0.0
ISTJ,SJ,ISTJ üí†,5q3ETOJMc2o1miVoTBYuva,50,0.52856,0.1494822574960735,0.462454,0.2234395222106293,-9.71876,4.988983253169744,0.78,0.4184519575964801,0.04618,0.0410722211103657,0.4714629,0.3640581724710338,0.14586,0.0887378804602151,0.37947,0.2304888861369525,121.2509,31.70709799131122,0.1581783878,0.2800847177391888,1.0,4.0,1.0,2.0,4.0,0.0,2.0,2.0,1.0,1.0,5.0,2.0,5.0,1.0,6.0,1.0,5.0,0.0,0.0,4.0,2.0,0.0,1.0,0.0
ISTJ,SJ,ISTJ ,5lFP9BjbdbI84MYT8hewkD,50,0.5970599999999999,0.1502561635803255,0.62472,0.1719122984761327,-7.08072,2.478876926747107,0.62,0.4903143514780145,0.0658399999999999,0.0696128154985319,0.148965568,0.1787052498113337,0.179828,0.1254835724511461,0.420308,0.2146184662538217,123.06666,29.58320017641701,0.1340843624,0.2533029834244577,0.0,6.0,0.0,4.0,3.0,0.0,0.0,5.0,4.0,0.0,4.0,4.0,1.0,2.0,4.0,1.0,0.0,2.0,1.0,2.0,1.0,0.0,6.0,0.0
ISTJ,SJ,istj,6ZwvfVF1CHP0p4IBag8ONw,50,0.58146,0.10023038970496,0.63458,0.1805510940177887,-5.429320000000001,1.8629719337989097,0.84,0.3703280399090204,0.0652539999999999,0.0643431781582958,0.3442226,0.2597847252804144,0.1531399999999999,0.1007789032830719,0.4307999999999999,0.1707466197711255,123.80686,30.74872471223773,1.9832000000000003e-06,9.163967022629277e-06,0.0,5.0,1.0,8.0,2.0,0.0,5.0,0.0,2.0,2.0,6.0,1.0,4.0,4.0,2.0,1.0,1.0,1.0,2.0,1.0,0.0,0.0,1.0,1.0
ISTJ,SJ,ISTJ INFP taste,7BwoRcBv8zNa7hs6tjwVZH,50,0.6950000000000002,0.1134312702089881,0.7788600000000001,0.109961219509054,-4.375060000000001,1.6281465035870872,0.64,0.4848732213850611,0.084454,0.0557308005193771,0.1437109999999999,0.16111152593398,0.1697679999999999,0.1169533300256201,0.6676799999999998,0.1517518705126287,123.75146,27.1351360636398,0.0002199984,0.0010120030114667,0.0,4.0,0.0,4.0,3.0,1.0,0.0,1.0,0.0,3.0,3.0,3.0,3.0,7.0,5.0,3.0,1.0,3.0,2.0,0.0,1.0,1.0,1.0,1.0
ISTJ,SJ,ISTJ,43Vqe1VmxbSpNzPChBHAgv,9,0.3091111111111111,0.2248290708763239,0.1393122222222222,0.1404400898762331,-23.35233333333333,7.841743540182883,0.2222222222222222,0.4409585518440984,0.0366111111111111,0.0141540139575708,0.7475666666666666,0.348264612040902,0.1108555555555555,0.0450488099485189,0.0880222222222222,0.081902057022058,97.016,41.136967541373295,0.8255555555555555,0.2335348534539925,2.0,1.0,0.0,0.0,0.0,0.0,0.0,0.0,0.0,1.0,0.0,0.0,1.0,0.0,0.0,0.0,0.0,2.0,0.0,0.0,0.0,0.0,0.0,2.0
ISTJ,SJ,istj,05oVkhEBT0V1hJCW8mF6D4,48,0.5535,0.1299842871027764,0.586375,0.1947446363940617,-7.494416666666666,3.40689684618824,0.4583333333333333,0.5035336128708592,0.0526520833333333,0.0487149677273192,0.2395769791666666,0.2664895085431183,0.19510625,0.1261153733964059,0.4049375,0.228267720409284,115.28781250000002,26.672905727400963,0.0436346658333333,0.1537246855433378,2.0,4.0,1.0,5.0,2.0,0.0,0.0,4.0,2.0,2.0,1.0,2.0,1.0,2.0,2.0,3.0,1.0,2.0,1.0,1.0,1.0,1.0,6.0,2.0
ISTJ,SJ,istj tings,0ac2o4WdUfMPA98nCMOQja,21,0.6224285714285716,0.1244803484203717,0.5322047619047618,0.2504682424503962,-9.307666666666668,4.480545606656999,0.7142857142857143,0.4629100498862757,0.0764095238095238,0.0797080353839053,0.4284377809523809,0.3503493079416707,0.1763619047619047,0.1165431571401361,0.52,0.2058302698827361,114.11190476190478,22.4385065098031,0.0865152966666666,0.230412464116614,0.0,5.0,0.0,0.0,1.0,0.0,0.0,2.0,2.0,0.0,1.0,1.0,1.0,0.0,1.0,0.0,1.0,0.0,2.0,1.0,0.0,0.0,2.0,1.0
ISTJ,SJ,ISTJ ü¶ã,2jTDHVMd8LGk6U5XGneOq9,15,0.5250666666666667,0.1201489948038723,0.5661333333333333,0.1157632230439521,-7.812266666666667,2.3416530018242203,0.8,0.4140393356054125,0.0419533333333333,0.0223415009940394,0.2474796,0.298765878960385,0.1589066666666666,0.084667757960721,0.2882,0.1533228153742479,139.8458,33.066730151100735,0.0091443026666666,0.0326565520435524,0.0,1.0,1.0,1.0,0.0,0.0,0.0,0.0,1.0,0.0,2.0,0.0,1.0,3.0,1.0,0.0,0.0,0.0,2.0,0.0,0.0,1.0,1.0,0.0
ISTJ,SJ,ISTJ (PDB),0EctXmIqa6mA4uLo5TojBT,50,0.53996,0.1503869783768066,0.53387,0.2501671035405685,-8.906939999999999,3.748617118678432,0.78,0.4184519575964801,0.056342,0.0506687606128353,0.36860232,0.3470338381472354,0.1379639999999999,0.087427910268275,0.430104,0.2713558759493608,116.044,32.52224825800181,0.1005765876,0.2552874473326272,1.0,7.0,2.0,5.0,2.0,0.0,0.0,2.0,3.0,0.0,2.0,2.0,5.0,3.0,3.0,0.0,5.0,0.0,1.0,3.0,3.0,0.0,0.0,1.0
ISTJ,SJ,Comfort Songs - ISTJ,22lLOvJbCcmGjLuUJK05XW,39,0.5088974358974359,0.1516336990166199,0.6162307692307691,0.2095311133206538,-7.468153846153846,2.900425454621057,0.7948717948717948,0.4090738692453052,0.0509461538461538,0.0423348173627051,0.1949638717948718,0.2779222314204327,0.1742999999999999,0.1644332755413671,0.4010743589743589,0.2475729522659073,132.98515384615385,31.12367260880244,0.0931867089743589,0.215611710480603,0.0,4.0,0.0,3.0,4.0,0.0,0.0,1.0,1.0,2.0,5.0,1.0,6.0,1.0,5.0,1.0,1.0,1.0,0.0,1.0,1.0,0.0,0.0,1.0
ISTJ,SJ,esfj x istj,3bF3pdi4J3BWhPzcFbVcyK,50,0.54564,0.1145525028900169,0.51282,0.1825284646518544,-7.748660000000001,2.497990478977297,0.8,0.4040610178208843,0.052866,0.0452146337607908,0.47014816,0.3231055308003405,0.1447519999999999,0.1000042718271248,0.359942,0.162062840029315,115.66372,29.1491557220403,0.0073638672,0.0405738688487735,0.0,9.0,3.0,2.0,4.0,0.0,1.0,0.0,1.0,2.0,3.0,1.0,5.0,2.0,6.0,0.0,5.0,1.0,0.0,2.0,1.0,0.0,2.0,0.0
ISTJ,SJ,ISTJ mbti,6YRus1Xds7sHu6BLgdbF6q,29,0.5698620689655173,0.1981290568107297,0.5172758620689655,0.2396327393193479,-8.798551724137932,3.417762034955945,0.7586206896551724,0.4354941703556927,0.0524620689655172,0.0262892755672767,0.2882427931034482,0.3184203786566004,0.1588448275862068,0.1175747044776423,0.4153103448275862,0.2419421703997341,115.31372413793105,36.68489087378047,0.1182276089655172,0.2571125483293811,1.0,3.0,2.0,1.0,2.0,0.0,0.0,0.0,2.0,0.0,3.0,1.0,5.0,1.0,2.0,0.0,1.0,2.0,1.0,1.0,0.0,0.0,1.0,0.0
ISTJ,SJ, intj/istj playlist,3nS80iG5eDXHXIXTbjEfwC,50,0.5814400000000001,0.1322784879235733,0.6703599999999998,0.1770682746218277,-6.82856,3.218093136486581,0.6,0.4948716593053935,0.08364,0.0776012676100969,0.17218854,0.2058533611786293,0.196294,0.1351334584620639,0.53736,0.1997382736462485,127.76922,31.34984983350424,0.0965026686,0.2468419282104868,0.0,5.0,1.0,3.0,2.0,0.0,4.0,3.0,2.0,2.0,2.0,1.0,0.0,3.0,4.0,3.0,1.0,4.0,1.0,3.0,2.0,0.0,4.0,0.0
ISTJ,SJ,ISTJ,1ZqNaoPSs7P6yQDaQYB9KA,35,0.6387714285714285,0.1620446717120069,0.6626000000000001,0.1736209868040828,-6.281828571428572,2.261144406837261,0.6285714285714286,0.4902408943099113,0.0714628571428571,0.0707825879457831,0.2181858771428571,0.2388257183240361,0.1656285714285714,0.1329892069292236,0.5591142857142857,0.2089122770346403,123.95745714285712,31.91213244791249,0.0275225094285714,0.1178031481868328,0.0,2.0,2.0,3.0,0.0,2.0,1.0,4.0,4.0,2.0,2.0,1.0,2.0,2.0,2.0,1.0,1.0,1.0,1.0,2.0,0.0,0.0,0.0,0.0
ISTJ,SJ,Istj mood,7IPp6nHSWdZnbNgRfTGVfd,22,0.5578636363636363,0.1316829870974572,0.6609909090909091,0.2188115560391568,-7.365909090909093,3.3944234787732,0.4090909090909091,0.5032362797401964,0.060290909090909,0.052476270456645,0.1897916954545454,0.2547601332206668,0.1789272727272727,0.1477826208669444,0.4271818181818181,0.2504465794884992,114.81245454545454,29.602702260382973,0.204281764090909,0.338221614122133,2.0,0.0,1.0,0.0,1.0,0.0,0.0,0.0,1.0,0.0,2.0,3.0,0.0,3.0,0.0,1.0,1.0,1.0,0.0,1.0,2.0,2.0,1.0,0.0
ISTJ,SJ,ISTJ,3xfZFgZQKEqPz8EJQxwMnX,37,0.6036216216216216,0.1322960382692609,0.5475675675675676,0.1970594299162537,-6.944405405405407,2.276092844467606,0.7027027027027027,0.4633731916228156,0.0664891891891891,0.0632225864342438,0.4630121621621622,0.3103778162277489,0.2076108108108108,0.1112469170204125,0.4030351351351351,0.1988849223605006,113.4455945945946,30.79534993348063,0.0585201159459459,0.2128364862777976,0.0,2.0,1.0,1.0,3.0,1.0,1.0,2.0,3.0,2.0,2.0,0.0,1.0,3.0,6.0,1.0,2.0,0.0,1.0,1.0,1.0,0.0,2.0,1.0
ISTJ,SJ,„Äå istj „Äç,3vIoTaSq2yQbjtXdA8VXcx,50,0.3458259999999999,0.1214724270552534,0.0945162,0.0835384468224673,-22.20952,5.73893574447246,0.28,0.4535573676110727,0.0409799999999999,0.0063776075099539,0.96398,0.0447767660233541,0.10458,0.0177140092144319,0.1675239999999999,0.1046390210120839,109.71524,35.5629872615003,0.8589278,0.2119533832775884,3.0,0.0,0.0,1.0,3.0,1.0,4.0,4.0,1.0,3.0,2.0,1.0,1.0,1.0,0.0,3.0,1.0,5.0,0.0,0.0,2.0,1.0,8.0,5.0
ISTJ,SJ,embodying the istj slytherin gemini i am,5fmJNZeVrIMDFRhNwjpmC2,50,0.58342,0.1502054497774869,0.61088,0.1586202807631727,-7.42362,2.2734247552886337,0.54,0.5034574339058886,0.053132,0.0332744888490156,0.1871323186,0.1982147223779316,0.161066,0.1185445987029044,0.388672,0.2180815266390633,114.58972,26.424801600660803,0.0487281393999999,0.1530514707036574,3.0,10.0,1.0,2.0,1.0,1.0,0.0,2.0,0.0,2.0,0.0,1.0,4.0,1.0,3.0,3.0,5.0,3.0,0.0,1.0,3.0,0.0,4.0,0.0
ISTJ,SJ,"estj, entj, intj, istj, istp",6Q4l73KN7JDLOebGK4jkBl,33,0.6289999999999999,0.1517524711495665,0.6782727272727272,0.1561506229428962,-6.378,3.067624070433012,0.6060606060606061,0.4961976634488731,0.0851030303030302,0.0798529722554539,0.1440793636363636,0.1776783337195721,0.2180818181818182,0.1594277078618735,0.5296666666666666,0.2350108596781575,126.56396969696968,27.510590579453268,0.0987346348484848,0.2314916487449115,1.0,4.0,0.0,2.0,2.0,0.0,1.0,1.0,2.0,1.0,3.0,2.0,1.0,1.0,3.0,1.0,0.0,0.0,0.0,1.0,1.0,1.0,5.0,0.0
ISTJ,SJ,ISTJ,2hv5ZZj0kA0iCT7C2j5ife,15,0.4963333333333333,0.147987772982706,0.5884666666666668,0.2369420865548211,-8.456466666666667,4.605904252256269,0.6666666666666666,0.4879500364742666,0.0550666666666666,0.0476705759302718,0.2522732,0.2907605196365461,0.1541666666666666,0.0660094978735924,0.3728333333333333,0.2308208695277006,115.28026666666663,28.876496711900163,0.0010031826666666,0.0022268496998818,3.0,0.0,0.0,1.0,1.0,1.0,0.0,0.0,2.0,0.0,2.0,1.0,1.0,0.0,2.0,0.0,0.0,0.0,0.0,1.0,0.0,0.0,0.0,0.0
ISTJ,SJ,ISTJ x INTJ,3w8ho1s0cvk5JJ5sXHXQj7,49,0.5719795918367346,0.1649551062405463,0.6324489795918368,0.1789207297968024,-6.633755102040816,3.055291144955285,0.5714285714285714,0.5000000000000001,0.0608857142857142,0.0417204186620093,0.2835017959183673,0.2987752401117477,0.1730673469387755,0.1043624940367209,0.502061224489796,0.2146996359416322,128.27706122448978,34.319035390003904,0.0890171046938775,0.2242471941266655,1.0,5.0,2.0,2.0,2.0,4.0,0.0,1.0,3.0,1.0,1.0,3.0,3.0,4.0,5.0,0.0,0.0,4.0,1.0,2.0,3.0,1.0,1.0,0.0
ISTJ,SJ,ISTJ  ,5I04P3MhsKnlk8LmEEP0GS,50,0.4749799999999999,0.1368569176854694,0.538926,0.2323708250418117,-9.87972,3.8737113777832426,0.72,0.4535573676110727,0.040372,0.0198490943606698,0.217534192,0.2350013812117315,0.1450919999999999,0.0824960823807001,0.428748,0.2295162785921197,123.48728,25.10910509872416,0.143609351,0.2471303959417144,0.0,11.0,1.0,0.0,4.0,0.0,1.0,7.0,3.0,0.0,1.0,2.0,6.0,1.0,4.0,0.0,3.0,3.0,2.0,0.0,0.0,1.0,0.0,0.0
ISTJ,SJ,istj-t,1i5KbQIgsR4xpkEGZjcrbt,50,0.5284,0.1470682196277965,0.5426,0.1526037953897181,-7.65152,2.130955129724218,0.78,0.4184519575964803,0.0420079999999999,0.0460716471312645,0.3463507506,0.3174734553813051,0.152414,0.0945057519251541,0.3670219999999999,0.2295394779882146,111.0349,27.02850257560696,0.1704219058,0.3009685007263997,1.0,8.0,2.0,2.0,2.0,0.0,3.0,1.0,2.0,1.0,4.0,1.0,2.0,4.0,3.0,1.0,2.0,1.0,4.0,3.0,1.0,1.0,1.0,0.0
ISTJ,SJ,Sei l√° musicas que um istj escuta,2vltvPFZoKKI7YToJA8nTX,50,0.60382,0.1532665665047771,0.64642,0.1790897722669059,-7.87384,3.187250759267143,0.58,0.4985693819032897,0.08084,0.0780158775048844,0.20031042,0.2576141494927264,0.19956,0.1639194115087891,0.484492,0.2220583944527627,119.68582,30.619702614353205,0.1294022702,0.2598289183374723,2.0,3.0,0.0,5.0,4.0,0.0,0.0,2.0,1.0,4.0,1.0,2.0,1.0,4.0,7.0,2.0,1.0,2.0,1.0,1.0,3.0,1.0,3.0,0.0
ISTJ,SJ,"infj, intj, istj, intp, infp",74zPobBKxQk5TQUcYHIvoE,50,0.6527600000000001,0.1390234982340197,0.5853,0.1350962242104433,-7.508559999999999,2.6496950703268265,0.42,0.4985693819032897,0.088278,0.0712049077934769,0.20425454,0.2256916574235299,0.207662,0.1556319610556932,0.3748139999999999,0.1783451217529126,116.92034,23.990394178529545,0.0309884783999999,0.1110101343150205,2.0,3.0,5.0,3.0,4.0,0.0,0.0,1.0,1.0,2.0,1.0,1.0,1.0,2.0,2.0,5.0,2.0,4.0,0.0,2.0,2.0,0.0,4.0,3.0
ISTJ,SJ,istj 23,41hhcM19AkTWgIeY7D5734,50,0.5858400000000001,0.1118313891169949,0.41092,0.182343457043379,-9.36508,3.4619850377540127,0.8,0.4040610178208844,0.0473,0.0249379965809081,0.62129328,0.3041529448893414,0.1297299999999999,0.0734777940910707,0.3875200000000001,0.1667772851953852,106.66572000000002,25.31849034255642,0.025669396,0.1107425548426932,1.0,5.0,2.0,2.0,3.0,0.0,2.0,2.0,3.0,3.0,5.0,0.0,5.0,4.0,2.0,1.0,1.0,1.0,3.0,5.0,0.0,0.0,0.0,0.0
ISTJ,SJ,ISTJ playlist,033ZTVgm58MDoHiWXWWosw,38,0.5623947368421054,0.113554496852103,0.6667105263157896,0.1758955322473551,-8.160921052631581,3.014981487833257,0.6842105263157895,0.4710691208760756,0.06115,0.0523885573951597,0.2478407894736841,0.2497586670993657,0.198378947368421,0.1531430335797131,0.4432763157894737,0.2077265112544656,127.37615789473683,34.02106596875047,0.199167477368421,0.3394274603142954,0.0,2.0,0.0,4.0,2.0,1.0,0.0,3.0,1.0,3.0,4.0,1.0,1.0,2.0,2.0,1.0,0.0,0.0,4.0,4.0,1.0,0.0,2.0,0.0
ISTJ,SJ,Istj vibe,3RwG6lxgLNnGW9RMWfftt3,42,0.6590952380952382,0.1318248671022553,0.665952380952381,0.1597923885334254,-5.873261904761905,1.702281525819834,0.5238095238095238,0.5054867366041313,0.0815333333333333,0.075458477248205,0.126425,0.2042915446509073,0.1845571428571428,0.1369269310980506,0.4957428571428571,0.2237106538702443,118.6714523809524,26.128441685028235,0.0086538785714285,0.0291646355489037,1.0,4.0,2.0,0.0,3.0,0.0,1.0,3.0,1.0,3.0,3.0,2.0,3.0,3.0,2.0,3.0,1.0,4.0,0.0,1.0,2.0,0.0,0.0,0.0
ISTJ,SJ,istj,3y9cnhSdUyUl4o8AgArXA2,50,0.6037,0.1102592955033631,0.59574,0.1724244655683485,-6.739380000000001,2.132315153507462,0.74,0.4430874976934521,0.054678,0.0426993155324388,0.30172906,0.241533459863365,0.156842,0.1089494454753568,0.45866,0.1952050319274478,122.61728,31.801890269220007,0.0299521682,0.1247744092657121,1.0,4.0,1.0,4.0,5.0,0.0,1.0,2.0,2.0,2.0,7.0,3.0,3.0,5.0,1.0,0.0,2.0,3.0,2.0,1.0,1.0,0.0,0.0,0.0
ISTJ,SJ,istj 1w9 struggles,2U1sOdXvt3AW8sFLWionks,4,0.76275,0.0882057254377514,0.67225,0.1546035251862,-6.28125,2.6765335012536893,0.5,0.5773502691896257,0.06755,0.0400884438876508,0.334625,0.2254622566343792,0.247,0.1519934209102486,0.60175,0.0875685445808025,121.26024999999998,19.14886042518805,9.175e-06,1.835e-05,0.0,1.0,0.0,1.0,0.0,0.0,0.0,0.0,0.0,0.0,0.0,1.0,0.0,0.0,0.0,0.0,0.0,0.0,0.0,0.0,0.0,0.0,0.0,1.0
ISTJ,SJ,a playlist for istj,37YGG7PnpLklXsBsr5pCQg,15,0.5219333333333334,0.1061686439226806,0.4634666666666666,0.2024256006771964,-8.802266666666666,3.0396048020064965,0.8,0.4140393356054125,0.06116,0.043847655092865,0.5574466666666666,0.2899209864445007,0.1749466666666667,0.0992205686241277,0.3267466666666666,0.1581065367161679,102.34873333333331,16.994247066356927,0.074427304,0.2094231719819615,0.0,0.0,0.0,0.0,0.0,1.0,3.0,0.0,0.0,1.0,4.0,0.0,0.0,0.0,3.0,0.0,1.0,1.0,0.0,1.0,0.0,0.0,0.0,0.0
ISTJ,SJ,ISTJ,6GfKSkwhNGv8YpKazSw3JL,40,0.493,0.1693174836111447,0.57665,0.2042712563084835,-8.3437,3.713339220176709,0.525,0.5057363253408151,0.04202,0.0200750157262766,0.341598465,0.3409686156777223,0.15258,0.1083259307924528,0.3868525,0.2296784630822971,122.798125,28.50117302416174,0.2142608125,0.3504310397008461,2.0,7.0,0.0,4.0,3.0,3.0,0.0,1.0,0.0,1.0,2.0,0.0,2.0,0.0,2.0,0.0,0.0,3.0,0.0,1.0,1.0,1.0,6.0,1.0
ISTJ,SJ,istj 5w6,0WEd5QOCDuQfLoihPXKof1,24,0.5545416666666666,0.1538819364393327,0.6996375,0.1905428784620635,-7.221208333333333,3.3876705345063174,0.625,0.4945353550468402,0.0670791666666666,0.061987032158324,0.1939654166666666,0.2504369345759903,0.191525,0.1693335895952642,0.5126875000000001,0.284887537402729,125.74808333333333,30.28881388568145,0.2216154458333333,0.3101793003192213,0.0,3.0,0.0,1.0,1.0,0.0,1.0,2.0,0.0,0.0,2.0,2.0,3.0,1.0,2.0,0.0,0.0,0.0,1.0,0.0,0.0,1.0,2.0,2.0
ISTJ,SJ,22istjetztda,6K64j0COd2m0UNxspfOPvV,50,0.6572600000000002,0.135695007653343,0.6272,0.1615645445040969,-8.419519999999999,2.9799530624984474,0.58,0.4985693819032897,0.121432,0.116375783721248,0.319304478,0.2624760539239569,0.182258,0.1155289293039732,0.531394,0.2350966318129545,125.86728,32.71962608565854,0.137665606,0.255421105323424,2.0,6.0,0.0,2.0,6.0,1.0,1.0,3.0,2.0,0.0,3.0,3.0,2.0,3.0,2.0,1.0,2.0,6.0,0.0,0.0,1.0,1.0,1.0,2.0
ISTJ,SJ,istj lvfe,1fgHpCc8PRyKtApTLLzbQc,50,0.51454,0.1386272656280509,0.6099199999999999,0.1763999213290583,-7.453779999999999,2.7299003217954274,0.56,0.5014265364224069,0.0425419999999999,0.0191112862263242,0.239384098,0.2794647725366359,0.15747,0.1140559892047295,0.40123,0.2049534304993926,115.45802000000002,29.446975277600107,0.1267439892,0.2285452852640067,3.0,5.0,1.0,2.0,4.0,0.0,1.0,2.0,1.0,2.0,3.0,3.0,2.0,4.0,2.0,1.0,1.0,3.0,0.0,3.0,4.0,1.0,2.0,0.0
ISTJ,SJ,istj.,0y1xAynUWVLMcR2RCiczcW,50,0.5230400000000001,0.1413820933729962,0.5071,0.2299433159964181,-8.907760000000001,4.062508446760449,0.64,0.4848732213850611,0.0573199999999999,0.064565195653664,0.48696078,0.3588855774430398,0.184322,0.1406483867301574,0.366008,0.2036906366156725,120.47644,29.54113959096807,0.0689730314,0.2036761840388513,2.0,7.0,2.0,2.0,3.0,1.0,4.0,6.0,1.0,1.0,4.0,1.0,3.0,0.0,3.0,2.0,1.0,2.0,3.0,1.0,0.0,0.0,0.0,1.0
ISTJ,SJ,Istj | Ev,085LtibfmFUU657dooyQBn,50,0.54758,0.1324576312698994,0.4859799999999999,0.1970156411484703,-9.57106,2.8514891878040256,0.88,0.328260722659316,0.0420059999999999,0.0239467726938094,0.5307646,0.2841630456033497,0.147028,0.1281300933920406,0.410998,0.1941896931731802,116.18148,27.19309718550662,0.0483546319999999,0.1529467493230375,1.0,7.0,1.0,3.0,7.0,1.0,1.0,0.0,4.0,0.0,3.0,0.0,6.0,2.0,5.0,0.0,2.0,1.0,1.0,3.0,0.0,0.0,2.0,0.0
ISTJ,SJ,istj ass actin' up,6iDbohhNKXVKePqVozILEJ,31,0.6563548387096775,0.1477993117681533,0.5549354838709677,0.1199710897074432,-7.312612903225808,2.193534175365094,0.4516129032258064,0.5058794110206736,0.0949838709677419,0.0767730251966761,0.2150264516129032,0.213506453743962,0.1454,0.0955078844912816,0.3758612903225806,0.207172319060598,119.62612903225806,31.227662696976363,0.0108541483870967,0.0367268404131284,1.0,1.0,0.0,0.0,2.0,1.0,0.0,1.0,0.0,3.0,2.0,2.0,2.0,3.0,0.0,1.0,1.0,2.0,1.0,2.0,1.0,2.0,2.0,1.0
ISTJ,SJ,ISTJ PLAYLIST,5y4B42w1ldg8DXXv5sWRgw,10,0.7297,0.1145154526205476,0.549,0.20425746280396,-7.338000000000001,3.5823756239555773,1.0,0.0,0.1119699999999999,0.1240719240333337,0.45506,0.3581485638359838,0.2114599999999999,0.1457659631052462,0.5547000000000001,0.1853219720738297,114.3182,25.67525448451181,0.054463624,0.1720056556955574,0.0,4.0,0.0,1.0,1.0,0.0,0.0,0.0,1.0,0.0,0.0,0.0,1.0,1.0,1.0,0.0,0.0,0.0,0.0,0.0,0.0,0.0,0.0,0.0
ISTJ,SJ,ISTJ 1w9 vibes üóø,5gY7k4Vw81BXDh5u47X1Sf,42,0.5769285714285713,0.1619884658431028,0.6302380952380953,0.2190284322253909,-8.481809523809522,4.081510888576143,0.5238095238095238,0.5054867366041313,0.0429452380952381,0.0176458687541381,0.2720832142857143,0.3094000901781078,0.1667523809523809,0.1203733931343658,0.5308166666666667,0.2407697350690141,124.3479761904762,28.40959479496414,0.1477714478571428,0.2969474419589424,2.0,4.0,0.0,2.0,3.0,2.0,2.0,3.0,1.0,1.0,3.0,1.0,2.0,0.0,2.0,0.0,2.0,3.0,0.0,1.0,1.0,1.0,4.0,2.0
ISTJ,SJ,JCs: For the ISTJs üßòüèª‚Äç‚ôÄÔ∏èüßòüèæ‚Äç‚ôÇÔ∏è,5HS5syPwfxGGGYW6aCjxwa,29,0.6098620689655172,0.1624310236328751,0.5014482758620691,0.1969892285320074,-10.07962068965517,3.273635838175226,0.7586206896551724,0.4354941703556927,0.0447068965517241,0.0237841473470173,0.4748793103448275,0.2828309835766512,0.1395827586206896,0.0771304603020359,0.5049310344827587,0.247156100331419,106.1413103448276,27.060654309351914,0.4165356724137931,0.4027972356336523,0.0,2.0,0.0,1.0,6.0,0.0,1.0,1.0,2.0,1.0,0.0,0.0,3.0,2.0,2.0,0.0,1.0,3.0,0.0,2.0,0.0,0.0,2.0,0.0
ISTJ,SJ,"si, soy ISTJ 1w9 ",2eZLN1s3kJRTOnHRHsgBtm,37,0.287254054054054,0.1216068565194929,0.0645381081081081,0.0750149872743158,-25.87332432432433,6.201277740443022,0.7567567567567568,0.4349588362008399,0.0439729729729729,0.0066405174099215,0.963891891891892,0.1104890099571958,0.1096108108108108,0.0412988484086406,0.1414432432432432,0.1499764454479075,92.8167027027027,25.676531823680783,0.8373162162162162,0.2263879775880256,1.0,2.0,2.0,4.0,3.0,1.0,4.0,1.0,1.0,1.0,1.0,1.0,5.0,4.0,3.0,0.0,1.0,1.0,0.0,0.0,1.0,0.0,0.0,0.0
ISTJ,SJ,aries intj virgo istj ,0pL2Wc5silW2ymhlE7D568,50,0.4815,0.1555734946734114,0.52718,0.2259986174781625,-9.63098,3.1601649174867896,0.78,0.4184519575964801,0.072238,0.0799844752538432,0.31288586,0.3545398623514197,0.191482,0.1435024293188382,0.337156,0.2104422885258569,115.31064000000002,25.98108266409172,0.063183063,0.1616993441989479,0.0,6.0,1.0,9.0,7.0,1.0,1.0,2.0,1.0,1.0,1.0,1.0,3.0,1.0,3.0,1.0,2.0,2.0,4.0,1.0,1.0,0.0,1.0,0.0
ISTJ,SJ,ISTJ üêß,2HXZOxWGHtvwGywelF3DIP,10,0.5709,0.1021387400657665,0.7314,0.1011436821776053,-4.4906,0.8953579296695943,0.3,0.4830458915396479,0.1869,0.1479146450566076,0.1585599999999999,0.1260645971978916,0.1628399999999999,0.1111737199161744,0.6358,0.1850278057181917,134.4377,34.10287064179658,1.66e-07,5.249380915879509e-07,0.0,0.0,0.0,2.0,1.0,0.0,0.0,0.0,0.0,0.0,0.0,0.0,0.0,0.0,0.0,1.0,0.0,2.0,0.0,0.0,0.0,1.0,1.0,2.0
ISTJ,SJ,istj kpop,3D2AzPt3k9dyIfEYdCphZe,21,0.6486190476190475,0.110312046572655,0.8372380952380952,0.0987982311389757,-3.2890476190476186,1.3563076891395434,0.0952380952380952,0.3007926037591191,0.0936619047619047,0.043888215687021,0.1049389047619047,0.1098515308641189,0.1935333333333333,0.1538144834966243,0.6307619047619047,0.1863775482084429,123.991,28.309304060679413,8.711047619047618e-05,0.0003418080222211,0.0,0.0,0.0,0.0,0.0,1.0,0.0,1.0,0.0,3.0,0.0,4.0,1.0,0.0,0.0,2.0,0.0,1.0,1.0,0.0,1.0,2.0,4.0,0.0
ISTJ,SJ,music taste ng isang istj na pisces,02GQyXeDUE5cBcvhfzLbR1,50,0.6176,0.1029471828122537,0.5814739999999999,0.1941015543261741,-7.55576,3.23196623391131,0.84,0.3703280399090203,0.052902,0.0511306748858815,0.28340068,0.3002096464443174,0.169694,0.1132971988594059,0.496162,0.2246073625285707,118.46632,27.33224376299904,0.0456924722,0.1515017534833149,0.0,6.0,2.0,6.0,2.0,1.0,0.0,0.0,2.0,0.0,4.0,0.0,4.0,4.0,7.0,1.0,0.0,2.0,1.0,6.0,0.0,2.0,0.0,0.0
ISTJ,SJ,ISTJ/ISTP 6w5,6dCR9Y9YqiWYRQhg7GUMHN,30,0.5079999999999999,0.1362624242990784,0.6921666666666667,0.1930997746982262,-6.6583,2.590852051965224,0.5,0.5085476277156078,0.0652233333333333,0.0548015396419337,0.2077662233333333,0.2833025681807103,0.1585199999999999,0.1066672505731144,0.4026166666666666,0.2028218040433579,122.90783333333334,27.168259228794707,0.05117021,0.1572920760412572,2.0,2.0,3.0,2.0,2.0,1.0,2.0,1.0,1.0,1.0,1.0,1.0,2.0,2.0,1.0,0.0,0.0,1.0,0.0,0.0,1.0,1.0,3.0,0.0
ISTJ,SJ,‚û™ùô∏ùöúùöùùöì,1KRA0qtTSgENyPYA31kpaA,30,0.6051333333333334,0.1371975000610014,0.5510666666666667,0.1865512656420311,-8.153166666666666,2.969757590053128,0.4333333333333333,0.5040069329937308,0.06865,0.0913914270106036,0.280591151,0.2846869914303679,0.1486033333333333,0.111169750547447,0.4592166666666666,0.2509816013085467,107.35786666666668,24.44194632005896,0.1198984543333333,0.2375988111475449,2.0,2.0,0.0,0.0,4.0,0.0,0.0,3.0,1.0,1.0,0.0,4.0,1.0,1.0,0.0,1.0,4.0,2.0,0.0,0.0,2.0,0.0,1.0,1.0
ISTJ,SJ,istj :),1PCrwZeoKZUe4vUOYZnj6V,47,0.5840425531914892,0.1509877561184592,0.6545531914893619,0.2033825703821375,-6.928872340425532,3.463649574459445,0.5319148936170213,0.504374939460682,0.059331914893617,0.0318001716319061,0.2617028382978723,0.2919724126717682,0.167395744680851,0.1139880904485521,0.4674744680851064,0.2251986209974817,127.28917021276598,30.5774498839452,0.0997650155319148,0.2324308315478741,1.0,4.0,6.0,3.0,0.0,0.0,1.0,3.0,0.0,1.0,3.0,2.0,3.0,2.0,7.0,2.0,1.0,2.0,0.0,1.0,3.0,1.0,1.0,0.0
ISTJ,SJ,casca | character playlist,4xzVeMFzOfmq9Kz8G7C7oC,25,0.44264,0.1154339204913356,0.679212,0.2087146942598915,-7.53424,5.323411228401077,0.6,0.5000000000000001,0.048884,0.0288718097804761,0.206740216,0.3073389988344801,0.176452,0.1852755675563654,0.36984,0.2495763794245494,128.8184,32.02913101641483,0.2171444272,0.3600901820594518,2.0,2.0,1.0,1.0,1.0,0.0,2.0,1.0,0.0,1.0,1.0,1.0,1.0,3.0,1.0,0.0,3.0,0.0,0.0,0.0,1.0,1.0,1.0,1.0
ISTJ,SJ,ISTJ - Taylor's Version,7tuX5r84HFSZusZfzLmG9M,33,0.5849696969696969,0.1082333950452922,0.5655454545454546,0.1433614511708715,-7.468757575757576,2.074870869932377,0.8787878787878788,0.3314339826398083,0.048360606060606,0.031666197863356,0.2670552424242424,0.3010821293861351,0.1326424242424242,0.0739102328432226,0.3749393939393939,0.1597906715428695,120.6719393939394,28.155246717906987,0.0002792169696969,0.0010348427391078,1.0,5.0,1.0,0.0,3.0,0.0,0.0,0.0,5.0,0.0,5.0,0.0,6.0,2.0,2.0,0.0,0.0,0.0,0.0,1.0,0.0,0.0,2.0,0.0
ISTJ,SJ,ISTJ Gemini,1UfNu8dL1AJcnykIhfp7wF,47,0.5887021276595745,0.1477091611909108,0.4599787234042551,0.1904898136454616,-9.155702127659575,2.9161138741027424,0.6808510638297872,0.4711864293980078,0.0654276595744681,0.0682426033645298,0.4933543404255319,0.3384143492888226,0.1484553191489361,0.0886534699988145,0.4326212765957447,0.2185079094540676,115.77512765957448,28.576763257718618,0.1247849585106383,0.2606938439325538,4.0,2.0,0.0,3.0,2.0,1.0,4.0,1.0,4.0,0.0,3.0,0.0,3.0,0.0,2.0,1.0,2.0,2.0,3.0,4.0,1.0,0.0,3.0,2.0
ISTJ,SJ,istj-t,7pUFryVLhIUsanyPD8pE2J,11,0.5611818181818182,0.1529881159971703,0.438490909090909,0.211891318626061,-8.487636363636364,5.358296338813808,0.7272727272727273,0.4670993664969137,0.0389727272727272,0.0089551204245494,0.5033672727272727,0.3690401346490896,0.1548090909090909,0.0858631056338571,0.3593454545454545,0.2021620951792712,125.90254545454546,30.07202880207332,0.0841174309090909,0.2788892035358746,2.0,2.0,0.0,1.0,2.0,0.0,0.0,0.0,0.0,0.0,1.0,1.0,1.0,0.0,0.0,0.0,1.0,0.0,0.0,0.0,0.0,0.0,0.0,0.0
ISTJ,SJ,Istj mood,556TVhk0BKaNGbyo5T6xis,29,0.5636896551724139,0.1424414926127004,0.6722689655172414,0.2160149417838766,-7.242724137931034,3.785591960659632,0.5862068965517241,0.5012300141587651,0.0602689655172413,0.0701593446756752,0.2374812517241379,0.2972588125976882,0.1772655172413793,0.1324829538249626,0.4273931034482758,0.242385310037897,114.9191724137931,29.397244873419407,0.1852429313793103,0.3242793691031154,2.0,0.0,1.0,0.0,3.0,0.0,0.0,1.0,1.0,1.0,2.0,3.0,1.0,4.0,0.0,1.0,3.0,1.0,2.0,1.0,0.0,1.0,1.0,0.0
ISTJ,SJ,ISTJ x INFP,7s6ZjHQDXXbBGIPR102Fnu,50,0.5781000000000001,0.1334647014405391,0.6118540000000001,0.2109031610740351,-8.177859999999999,3.6484648379664497,0.72,0.4535573676110727,0.055678,0.049823960672982,0.30631724,0.3332370657701884,0.169046,0.1046037327347395,0.4234739999999999,0.2332116519737521,118.60974000000002,30.564422533536792,0.1461767016,0.2832965325071103,1.0,4.0,1.0,6.0,3.0,0.0,4.0,2.0,2.0,1.0,3.0,2.0,3.0,2.0,5.0,1.0,1.0,1.0,2.0,1.0,0.0,1.0,4.0,0.0
ISTJ,SJ,ISTJ x INFP,7s6ZjHQDXXbBGIPR102Fnu,50,0.5781000000000001,0.1334647014405391,0.6118540000000001,0.2109031610740351,-8.177859999999999,3.6484648379664497,0.72,0.4535573676110727,0.055678,0.049823960672982,0.30631724,0.3332370657701884,0.169046,0.1046037327347395,0.4234739999999999,0.2332116519737521,118.60974000000002,30.564422533536792,0.1461767016,0.2832965325071103,1.0,4.0,1.0,6.0,3.0,0.0,4.0,2.0,2.0,1.0,3.0,2.0,3.0,2.0,5.0,1.0,1.0,1.0,2.0,1.0,0.0,1.0,4.0,0.0
ISTJ,SJ,istj,40K8mZuqVCPhGUsspsLON1,17,0.6505882352941177,0.0977740116438983,0.6006470588235293,0.1466948112479061,-6.390294117647058,1.8863560031415687,0.5294117647058824,0.5144957554275266,0.1304176470588235,0.1127349559547421,0.2498294117647058,0.2764697604727908,0.1874058823529412,0.1648216174785191,0.4565882352941176,0.1503708161610529,114.6585294117647,32.004510678413844,0.0007499958823529,0.0026921552198634,1.0,2.0,0.0,2.0,0.0,0.0,2.0,3.0,0.0,0.0,0.0,1.0,1.0,0.0,0.0,0.0,1.0,0.0,0.0,1.0,0.0,1.0,2.0,0.0
ISTJ,SJ,istj 6w5,3gj7XWhzUJvtiILxfTPvGs,14,0.4078571428571429,0.1298886251565353,0.4963571428571429,0.2879844031948892,-9.722928571428572,3.767733709034889,0.7142857142857143,0.4688072309384954,0.0496428571428571,0.036117451871226,0.3956959092857142,0.4021813594971971,0.1345142857142857,0.0758842018335311,0.2068214285714285,0.1401734320188959,128.6769285714286,33.60457936390924,0.0996786485714286,0.2181991125291212,0.0,2.0,0.0,1.0,0.0,0.0,0.0,1.0,0.0,1.0,4.0,0.0,0.0,1.0,0.0,0.0,0.0,0.0,1.0,1.0,0.0,0.0,1.0,1.0
ISTJ,SJ,istj,3c9h6YCYBY4uJdGUfcqrKR,11,0.5816363636363636,0.1818770313850941,0.7345454545454545,0.2066331839934542,-5.427272727272728,1.5191787314802094,0.7272727272727273,0.4670993664969137,0.0809181818181818,0.1007431666981122,0.1752209090909091,0.2089845914633203,0.1476545454545454,0.0855912771681362,0.5563636363636364,0.1332105646915984,128.52181818181816,30.538851503677023,0.1299796063636363,0.2952607685250313,0.0,1.0,1.0,3.0,0.0,1.0,0.0,0.0,1.0,0.0,0.0,0.0,1.0,1.0,0.0,0.0,1.0,0.0,0.0,0.0,1.0,0.0,0.0,0.0
ISTJ,SJ,Istj playlist,46OOiBB4pP1gaE8kPkcuMX,50,0.57558,0.1276949633833276,0.6199,0.1619239239360791,-6.284799999999999,1.984073906210684,0.66,0.4785181206984066,0.075788,0.0876065080985681,0.3480076199999999,0.2909996171111086,0.161468,0.0821384084261164,0.4568579999999999,0.2027768654940494,125.65706,34.751729341441646,0.0056266278,0.0251557645968152,1.0,3.0,2.0,1.0,1.0,0.0,1.0,0.0,1.0,0.0,5.0,4.0,4.0,6.0,4.0,2.0,5.0,2.0,1.0,1.0,2.0,0.0,2.0,2.0
ISTJ,SJ,istj vibes,3BYKQ1pcILH3aI5aoXSEwo,42,0.5839285714285714,0.1446092114694352,0.6217380952380953,0.1769151732140478,-6.466071428571429,2.171552568037239,0.5476190476190477,0.5037605389507487,0.068847619047619,0.0600627120969133,0.2594183333333333,0.266334884143607,0.1586333333333333,0.1012347445096542,0.3918357142857143,0.2097407026590604,125.76895238095238,29.32752950182821,0.0006505059523809,0.0034026196080402,4.0,2.0,1.0,1.0,3.0,0.0,1.0,2.0,4.0,0.0,3.0,3.0,0.0,2.0,4.0,1.0,0.0,2.0,3.0,0.0,0.0,2.0,4.0,0.0
ISTJ,SJ,istj type shit,6tHWqDrJSayBa1jv6EYsia,28,0.5987499999999999,0.1349174301673544,0.5789757142857143,0.192777719425452,-8.383178571428571,5.855444266622627,0.7857142857142857,0.4178554470186726,0.0595785714285714,0.0566393290733885,0.3015276071428571,0.3040174272312714,0.1450785714285714,0.0946560727919879,0.4972749999999999,0.2483010547627542,110.48685714285712,26.260301014768345,0.1078412660714285,0.2022326774263979,1.0,6.0,0.0,2.0,1.0,0.0,0.0,0.0,2.0,0.0,2.0,1.0,4.0,1.0,4.0,0.0,0.0,1.0,0.0,0.0,2.0,0.0,1.0,0.0
ISTJ,SJ,üíé Sam Trapani üíé,6DA9MTqvy0fJJNcYexQscT,50,0.55468,0.1484126129190824,0.57014,0.2622576245462714,-8.569980000000001,4.235675969424382,0.7,0.4629100498862756,0.06242,0.0559833320675694,0.381887028,0.3627064703155623,0.1950619999999999,0.1384734423664564,0.45448,0.2127445761796938,116.01004,28.84952837159862,0.1157340164,0.2415479058043822,0.0,3.0,1.0,4.0,4.0,0.0,3.0,4.0,2.0,2.0,0.0,3.0,4.0,3.0,5.0,0.0,3.0,2.0,1.0,3.0,1.0,1.0,1.0,0.0
ISTJ,SJ,cassss ‚òÜ,2Jz2ORndwOlPxXuCqPWfpM,50,0.68866,0.1132886164283283,0.71398,0.1390562197274827,-4.58538,1.847752190845816,0.42,0.4985693819032897,0.082824,0.0579339615600453,0.2144435,0.2258028548658346,0.20515,0.1632119534062805,0.54866,0.2008292827660511,124.91620000000005,25.68240168056003,0.0005561972,0.0019008269714479,2.0,6.0,2.0,2.0,0.0,1.0,1.0,3.0,1.0,1.0,1.0,4.0,5.0,2.0,1.0,4.0,0.0,3.0,0.0,2.0,2.0,3.0,2.0,2.0
ISTJ,SJ,istj love songs,3jPgvr4uqzUlACTgS5pjiP,40,0.50975,0.1429887479883716,0.43033,0.2308649668595842,-9.759175,4.264770735939765,0.8,0.4050957468334667,0.0490074999999999,0.0590953744013947,0.4573238249999999,0.3931767919300483,0.1379175,0.0726695502397756,0.3150825,0.2104739753539188,115.6143,30.34370182544962,0.07094590475,0.1739187533462523,2.0,11.0,3.0,2.0,1.0,0.0,4.0,0.0,1.0,1.0,2.0,0.0,5.0,0.0,2.0,0.0,1.0,0.0,1.0,2.0,1.0,0.0,0.0,1.0
ISTJ,SJ,Neotraditional Country,4cfGtp640V8F7T5EQeCNCP,49,0.633469387755102,0.0749466760550505,0.6589591836734694,0.1665889351047053,-8.743061224489795,3.027145660575344,0.979591836734694,0.1428571428571428,0.0354795918367346,0.008941941893679,0.2482532653061224,0.17452006051583,0.222234693877551,0.1533565447345667,0.7240204081632653,0.1698423889222885,122.91704081632652,31.62904279492662,0.0007075775510204,0.0023074791285012,0.0,7.0,0.0,0.0,4.0,0.0,0.0,0.0,11.0,0.0,3.0,1.0,9.0,1.0,7.0,0.0,4.0,0.0,0.0,2.0,0.0,0.0,0.0,0.0
ISTJ,SJ,yoshikage kira | character playlist,1Jimkh5QUjHdz5nvBqXxr3,37,0.5743243243243243,0.1667912957451207,0.6627783783783784,0.240991483407765,-8.265621621621621,4.388455064467774,0.7027027027027027,0.4633731916228156,0.0686324324324324,0.0878225580172696,0.1863318378378378,0.2631555664487699,0.1928486486486486,0.1458800565564083,0.4990594594594594,0.2507509781297633,119.60837837837836,25.032691360334024,0.1578742137837837,0.2790941855508362,2.0,2.0,1.0,4.0,4.0,0.0,1.0,0.0,0.0,1.0,0.0,1.0,2.0,4.0,2.0,1.0,3.0,1.0,4.0,0.0,0.0,1.0,2.0,1.0
ISTJ,SJ,ISTJüíô,2LwI8slT960OvQ25TmMwqU,36,0.5612222222222223,0.1663918114590826,0.7121777777777778,0.2077098279690218,-7.2613611111111105,5.713660133663524,0.75,0.4391550328268399,0.0694027777777777,0.0661588844529855,0.1873872388888889,0.2844168923425051,0.1915361111111111,0.1475642758796078,0.5199361111111112,0.2760923315050112,122.32205555555556,30.68906342744868,0.1481366274999999,0.3014279884764261,1.0,3.0,0.0,1.0,4.0,1.0,2.0,1.0,2.0,1.0,2.0,0.0,3.0,2.0,4.0,2.0,1.0,1.0,1.0,2.0,1.0,1.0,0.0,0.0
ISTJ,SJ,ISTJ 1W9,1u0zv1wr21tTR6tPZL8VgY,50,0.62316,0.1230159040655362,0.6116800000000001,0.1202588093425583,-7.0872,2.1664923498689803,0.48,0.5046720495044485,0.087284,0.0745432989090561,0.15061896,0.1380425133250638,0.190466,0.1204907966847023,0.3778639999999999,0.2186347683760685,124.6538,22.62136032738139,0.0275096047999999,0.1272995182626735,0.0,0.0,3.0,1.0,6.0,0.0,0.0,1.0,0.0,3.0,0.0,2.0,1.0,2.0,3.0,3.0,2.0,4.0,5.0,4.0,3.0,3.0,1.0,3.0
ISTJ,SJ,JUNGWON üêà,764D6NdPiaIyTKBKrzCbYi,50,0.6544000000000001,0.1542653425704145,0.708282,0.1675975277324842,-5.7076400000000005,3.4389317263905537,0.54,0.5034574339058886,0.100544,0.0861853961775759,0.17104794,0.223775063615814,0.166136,0.0893483751779447,0.5439800000000001,0.1881974093816362,112.18358,26.91948219935191,6.784839999999999e-05,0.000356939237105,1.0,3.0,0.0,7.0,1.0,2.0,1.0,0.0,0.0,3.0,0.0,4.0,4.0,4.0,2.0,3.0,0.0,2.0,3.0,2.0,1.0,5.0,2.0,0.0
ISTJ,SJ,playing with my istj,22CHXO3ydv063h2tPIt8fa,38,0.537236842105263,0.1307633377436745,0.4039473684210526,0.204932810000032,-9.421710526315788,2.8212099657233978,0.9210526315789472,0.273276312733094,0.0334684210526315,0.0077504700908224,0.697251052631579,0.2697598315498082,0.1284894736842105,0.0574436353093477,0.4016842105263158,0.1962012349829107,104.28618421052632,22.339052940141546,0.0081642936842105,0.0225142751198503,0.0,2.0,0.0,3.0,9.0,0.0,1.0,1.0,2.0,1.0,1.0,0.0,5.0,3.0,3.0,0.0,0.0,0.0,1.0,5.0,1.0,0.0,0.0,0.0
ISTJ,SJ,ISTJ,4CKJgK7b4yj9uetsv4NB9E,36,0.5427777777777778,0.1420151120954811,0.6318888888888889,0.207732489759275,-7.752527777777778,3.5290432170459147,0.7777777777777778,0.421637021355784,0.0640916666666666,0.0701789360950176,0.3013993472222223,0.3274790095175528,0.148175,0.1082973852078486,0.4936999999999998,0.2382256673228738,121.98500000000004,24.73321885354073,0.0590581025,0.1673113014330584,1.0,3.0,0.0,3.0,4.0,1.0,0.0,0.0,1.0,1.0,3.0,2.0,6.0,2.0,4.0,0.0,1.0,2.0,0.0,1.0,0.0,0.0,1.0,0.0
ISTJ,SJ,istj: the logistician,2MpmrZJJFUFYe1vW6BJnya,31,0.5433548387096775,0.1561628526863536,0.5935483870967742,0.1961109955628321,-7.838161290322581,3.1860197017257987,0.8064516129032258,0.4016096644512494,0.0547387096774193,0.0393181440509709,0.258401,0.2663327220728488,0.1597129032258064,0.1129736126769889,0.4342354838709678,0.260359288354109,113.8635806451613,30.23421514308383,0.0481021387096774,0.1822117745868788,0.0,3.0,2.0,1.0,3.0,0.0,2.0,1.0,2.0,0.0,3.0,0.0,8.0,1.0,1.0,0.0,0.0,0.0,1.0,0.0,1.0,1.0,1.0,0.0
ISTJ,SJ,istj 9w1,2Iv6p6XgMF5Ru9MJwCAEms,35,0.5875142857142858,0.1646992573697625,0.4758342857142857,0.2028105707635708,-10.172828571428573,3.9914682061036304,0.6285714285714286,0.4902408943099113,0.0465114285714285,0.0320119441994479,0.4954122857142857,0.3252191686167934,0.1672857142857142,0.1328260231918986,0.4723685714285713,0.2607024603004787,122.71411428571427,34.341856100932326,0.3769795491428571,0.377576086781201,0.0,1.0,1.0,3.0,2.0,1.0,1.0,2.0,4.0,1.0,2.0,0.0,1.0,4.0,1.0,2.0,0.0,2.0,1.0,2.0,0.0,2.0,2.0,0.0
ISTJ,SJ,god complex ,17gpgqz0ETe2joQjQlUzRO,50,0.52468,0.1380413188660761,0.63944,0.1936192518678799,-6.580340000000001,2.5985504170202125,0.74,0.443087497693452,0.050006,0.0542364491116896,0.203579668,0.2488577924477354,0.168386,0.1118063157830522,0.4172459999999999,0.218209346411249,130.62843999999998,33.583652613491495,0.1352030132,0.285557362481195,2.0,5.0,0.0,3.0,3.0,0.0,2.0,1.0,3.0,0.0,8.0,1.0,5.0,2.0,4.0,1.0,0.0,1.0,1.0,1.0,0.0,0.0,6.0,1.0
ISTJ,SJ,ISTJ playlist,7skij5qLAuFkpe4H3CgPKR,34,0.5066470588235293,0.1584519585644353,0.5736176470588236,0.2209847128547764,-8.161999999999999,4.062823081791699,0.7941176470588235,0.4104256301219047,0.0408088235294117,0.0327015648559594,0.3192020588235293,0.3179197672515334,0.1904941176470588,0.1437401758248805,0.3953088235294117,0.2320476706087298,116.70867647058824,27.867358061294567,0.1652766352941176,0.3010264493013657,0.0,5.0,1.0,2.0,3.0,0.0,1.0,1.0,2.0,0.0,3.0,1.0,1.0,1.0,3.0,0.0,3.0,1.0,0.0,3.0,2.0,1.0,0.0,0.0
ISTJ,SJ, OO,4u2MH7Qjkpf4NTNW3dIQEV,50,0.61606,0.1206970249705215,0.8613799999999999,0.1365403267036025,-3.72356,2.6115029386097475,0.54,0.5034574339058886,0.1095059999999999,0.0806993852491568,0.0845261599999999,0.130602003392666,0.230132,0.1365083214029273,0.7078,0.1970955429765586,132.4675,28.951252726235648,0.0511113781999999,0.1713440633510312,0.0,1.0,0.0,6.0,3.0,0.0,0.0,2.0,0.0,5.0,0.0,4.0,4.0,4.0,5.0,2.0,0.0,8.0,3.0,1.0,2.0,0.0,0.0,0.0
ISTJ,SJ,istj supremacy,7KttVFM51zEr21HQPOvDwX,50,0.60286,0.1418518931556316,0.6818400000000001,0.1690241330432444,-6.49532,2.544270397322949,0.6,0.4948716593053935,0.0624359999999999,0.0665096701884126,0.147602568,0.210523124977525,0.211858,0.125575402326203,0.5276799999999999,0.2230806059134094,123.05656,26.3570784816558,0.0635511945999999,0.1914294658722305,1.0,7.0,2.0,4.0,2.0,0.0,0.0,2.0,2.0,2.0,4.0,2.0,5.0,0.0,3.0,0.0,0.0,3.0,1.0,2.0,0.0,2.0,4.0,2.0
ISTJ,SJ,chatonüêà‚Äç‚¨õ,1mgYFoRi45VyNuXswWVxTG,50,0.60634,0.1554883826620405,0.6138399999999999,0.2044085904181492,-7.4715,3.0520434121741977,0.72,0.4535573676110727,0.0561119999999999,0.0335806409244665,0.234228764,0.2593369398354752,0.17844,0.1164568414407987,0.5053139999999999,0.2484961692391467,122.93714,31.58553095185535,0.120220313,0.2717900206571148,1.0,8.0,0.0,1.0,5.0,0.0,1.0,3.0,2.0,0.0,4.0,1.0,5.0,3.0,2.0,3.0,1.0,2.0,1.0,3.0,0.0,1.0,3.0,0.0
ISTJ,SJ,Entj + Istj ‚ô° ,467vj6LUX90tmwUxGtZkie,43,0.6050232558139533,0.1403191071352812,0.6966744186046512,0.1521098789769817,-6.287604651162791,1.5953648506359033,0.6511627906976745,0.4822428221704119,0.0609837209302325,0.0551980284768377,0.2283775488372093,0.2451397996155705,0.2257325581395348,0.2284625286780455,0.6120930232558139,0.2302401245442812,126.75146511627908,34.39997995939951,0.0509926106976744,0.1681882421240633,0.0,7.0,0.0,2.0,5.0,0.0,2.0,6.0,2.0,0.0,0.0,1.0,4.0,2.0,3.0,0.0,0.0,2.0,0.0,1.0,1.0,0.0,4.0,1.0
ISTJ,SJ,garnet ,0l3adHiSWKLp0RJvQ6luli,44,0.6751136363636363,0.1086019435153282,0.6949090909090908,0.1503284494236905,-6.970886363636362,2.4546826746645074,0.4772727272727273,0.5052577681363806,0.0933772727272727,0.0941134121960292,0.1455453409090909,0.2017676355722492,0.2063772727272727,0.1727209321468922,0.5999318181818182,0.2208929444720848,118.42606818181817,28.53106797322732,0.1296213445454545,0.2472527034231052,3.0,3.0,2.0,3.0,5.0,0.0,0.0,3.0,1.0,1.0,2.0,0.0,1.0,0.0,1.0,2.0,0.0,5.0,2.0,3.0,1.0,3.0,2.0,1.0
ISTJ,SJ,little miss perfect,72Po5AIJNPjrARfrtn3qg0,50,0.54306,0.1224968820927658,0.55122,0.221097936559843,-7.900480000000001,2.92809015724919,0.74,0.4430874976934521,0.064268,0.0679904928528051,0.3718422779999999,0.336249647687432,0.150366,0.1007463122533676,0.376972,0.190572281043285,126.05226,28.10261740065781,0.0186800728,0.0779456831212947,0.0,6.0,1.0,5.0,5.0,0.0,1.0,1.0,4.0,0.0,3.0,4.0,2.0,2.0,5.0,0.0,2.0,1.0,1.0,1.0,1.0,1.0,2.0,2.0
ISTJ,SJ,istj socratic seminar,2CeIpbkXoo616HZLRfKqrq,50,0.50132,0.1533964371775808,0.5184200000000001,0.2152134289490319,-8.99408,4.264600121646931,0.68,0.4712120714991613,0.054836,0.044503821253039,0.4186826800000001,0.3556788832915558,0.150228,0.0958047845935703,0.3912639999999999,0.2482012553702074,115.84668,32.49403618527246,0.1185857333999999,0.2445267750436451,1.0,5.0,2.0,3.0,7.0,0.0,0.0,2.0,1.0,0.0,3.0,0.0,2.0,1.0,6.0,3.0,1.0,2.0,2.0,3.0,3.0,0.0,3.0,0.0
ISTJ,SJ,istj // the logistician ,5MS1uLS6mnexyWgfFaBFUR,26,0.5376538461538461,0.1426349024068632,0.6078461538461538,0.2026243208122247,-7.508384615384615,2.985350258538157,0.8461538461538461,0.3679464844031199,0.0692307692307692,0.0556820241674511,0.2448342692307692,0.2515506542044456,0.1853461538461538,0.1424741189992603,0.5020384615384615,0.2383824625712606,135.6893076923077,32.501272969247495,0.0111873684615384,0.0335490882006253,0.0,8.0,0.0,1.0,3.0,0.0,0.0,1.0,1.0,0.0,2.0,3.0,1.0,0.0,3.0,0.0,0.0,0.0,3.0,0.0,0.0,0.0,0.0,0.0
ISTJ,SJ,üí´Haneulüí´,1HisgpAR2j3p0tLY5EPRBy,9,0.562888888888889,0.1681646844944297,0.5455555555555556,0.1589143724707673,-7.666222222222221,3.0336359281305403,0.3333333333333333,0.5,0.0537666666666666,0.0518938339304391,0.2683436666666667,0.2773563297655202,0.1101666666666666,0.0386820048601413,0.3996999999999999,0.2606894896231914,121.74955555555556,32.8948704060037,0.0131418777777777,0.0382011551655764,1.0,0.0,0.0,0.0,0.0,2.0,0.0,0.0,1.0,0.0,0.0,0.0,0.0,0.0,1.0,0.0,1.0,0.0,0.0,0.0,0.0,0.0,2.0,1.0
ISTJ,SJ,i hate myself,1zsrtf3M2w6mRAW8XCRtJv,26,0.5031153846153846,0.1382864641020449,0.5401538461538462,0.1937329486293319,-9.194423076923076,2.597465552003752,0.7307692307692307,0.4523443208612048,0.0574653846153846,0.0581833305496183,0.4246478461538462,0.3037304182968432,0.1645076923076923,0.1064610573799712,0.3383923076923076,0.1658966688588458,128.88496153846154,30.75952087725785,0.1628634673076923,0.2982682050158299,0.0,1.0,0.0,0.0,3.0,0.0,0.0,2.0,1.0,0.0,4.0,0.0,3.0,0.0,4.0,0.0,3.0,2.0,0.0,0.0,1.0,0.0,1.0,1.0
ISTJ,SJ,ISTJ ‚ô°,5354SYHvlqXQMXCw09oyeO,42,0.5381428571428571,0.1488742424655333,0.4939047619047619,0.2064449149376183,-8.777523809523808,3.741386779792306,0.7142857142857143,0.4572299568592126,0.0724547619047619,0.0723780158051679,0.417595,0.3397008837215757,0.1641809523809523,0.1899537674664038,0.3498904761904762,0.2065804417932032,118.97611904761904,32.625778488947546,0.0323365049999999,0.1414893075700357,1.0,1.0,1.0,3.0,3.0,1.0,1.0,3.0,5.0,2.0,4.0,1.0,5.0,3.0,0.0,1.0,1.0,1.0,4.0,0.0,1.0,0.0,0.0,0.0
ISTJ,SJ,cassie silven,0WeliZnVMKX65U4xwT9cCq,46,0.4677173913043478,0.1712585651442452,0.4334217391304348,0.2419624341027098,-10.05082608695652,4.8640759739331,0.5,0.5055250296034367,0.0443521739130434,0.0242918069327493,0.452545195652174,0.3833648406668752,0.1223478260869565,0.0660500306640703,0.2599152173913043,0.2061146056255449,118.59419565217392,30.809621616645504,0.0891983297826086,0.2538637418156806,1.0,5.0,0.0,1.0,1.0,3.0,1.0,1.0,1.0,1.0,1.0,2.0,3.0,3.0,2.0,2.0,1.0,3.0,1.0,3.0,2.0,1.0,2.0,5.0
ISTJ,SJ,istj 8w7,4oGy05fC70tPSeA0qEXrwo,50,0.61072,0.1723413840406918,0.7436820000000002,0.1818571178206693,-6.870439999999999,3.296922790130462,0.34,0.4785181206984064,0.093444,0.0951565244580674,0.187543298,0.2492145195918065,0.2325199999999999,0.1543551391421479,0.51552,0.1902237393713207,134.72602,31.852581578322244,0.1193020894,0.277752735214579,3.0,4.0,3.0,4.0,1.0,1.0,0.0,2.0,0.0,1.0,0.0,2.0,2.0,3.0,0.0,2.0,0.0,5.0,2.0,1.0,1.0,1.0,7.0,5.0
ISTJ,SJ,istj songs,74e6fdAyhRHTk0U2146JZj,10,0.6073999999999999,0.2130895482081548,0.5487,0.1585272847178049,-7.888699999999998,2.2240696456920785,0.7,0.4830458915396479,0.05728,0.0501577245629557,0.21491,0.1937446168427798,0.12243,0.0693004417173673,0.495,0.2455741571637102,122.9927,32.63945918346211,0.089653085,0.1704950402275973,0.0,0.0,1.0,0.0,2.0,0.0,0.0,0.0,1.0,0.0,3.0,0.0,0.0,1.0,0.0,0.0,0.0,0.0,0.0,0.0,1.0,0.0,1.0,0.0
ISTJ,SJ,istj x infj,791d4ZKy3FIltkWgMS8AXg,48,0.6053333333333334,0.1382868331655272,0.6710208333333334,0.152345700046621,-6.1588125,2.3135435624080163,0.625,0.4892460547900816,0.0696354166666666,0.057512738605898,0.1521030527083333,0.2092758388594013,0.1909437499999999,0.1678900373487284,0.4702937499999999,0.2067298199843086,122.06483333333335,27.04856551380516,0.0192546564583333,0.1107852117042427,1.0,3.0,2.0,4.0,4.0,0.0,0.0,1.0,1.0,2.0,0.0,3.0,5.0,4.0,3.0,4.0,4.0,1.0,0.0,2.0,2.0,0.0,1.0,1.0
ISTJ,SJ,(:) istjÍ≥µÏ£º,2zQSEWaMsgI7kjLrwzkq53,19,0.6726315789473685,0.1123284917484407,0.7233157894736841,0.1461715326562061,-4.641842105263159,1.9913792613595984,0.4736842105263157,0.5129891760425771,0.1115578947368421,0.1118723146954671,0.1776531578947368,0.1758177191188088,0.2028210526315789,0.1564381190366315,0.5497894736842105,0.199995438544474,124.63705263157894,27.94656642490309,2.356315789473684e-05,9.541570782939668e-05,1.0,0.0,1.0,0.0,3.0,0.0,0.0,1.0,1.0,0.0,0.0,1.0,0.0,1.0,0.0,1.0,1.0,1.0,3.0,0.0,0.0,2.0,2.0,0.0
ISTJ,SJ,"a 1, an istj, and a sagittarius walk into a bar",2eHrEOR7FYkH1KFoYNWJlh,32,0.5652187500000001,0.148156354718751,0.473021875,0.2347817569084449,-9.239875,3.325764513126898,0.78125,0.4200134406451544,0.0558843749999999,0.0429178969314216,0.59345625,0.2969471484825801,0.147503125,0.1246662783500866,0.450134375,0.2459634454998901,119.134625,38.59752457694329,0.0404135818749999,0.1152404592083462,0.0,3.0,2.0,1.0,1.0,0.0,2.0,0.0,2.0,0.0,4.0,2.0,1.0,2.0,3.0,0.0,3.0,0.0,2.0,1.0,1.0,1.0,1.0,0.0
ISTJ,SJ,hokuto hidaka üíé,2f8u5gHin8TSi2As2bRr78,31,0.4962580645161289,0.1543152547529322,0.5504387096774194,0.2363546624283365,-8.379870967741935,2.9604626411191823,0.8064516129032258,0.4016096644512494,0.049416129032258,0.0571402374092267,0.3767612903225806,0.3456072054393729,0.1460483870967742,0.0923262688186763,0.3880612903225806,0.2270498486785363,116.48493548387096,26.412776400744,0.0408531238709677,0.1487058814072031,1.0,5.0,0.0,1.0,1.0,0.0,2.0,2.0,0.0,1.0,2.0,0.0,3.0,4.0,1.0,0.0,1.0,0.0,1.0,4.0,0.0,0.0,1.0,1.0
ISTJ,SJ,therapy,0hGs3MhTerQK5haAU6cfWi,50,0.5012399999999999,0.1238251828925253,0.66964,0.1933736744212708,-7.955859999999999,3.735983153449323,0.6,0.4948716593053935,0.052894,0.0536689565954175,0.1942733559999999,0.2697553300171715,0.1351359999999999,0.0730931744210003,0.35758,0.2207942804642237,126.95276,30.944196967141103,0.3644477622,0.3756979263124729,0.0,5.0,2.0,1.0,4.0,0.0,2.0,2.0,1.0,2.0,4.0,0.0,3.0,4.0,4.0,2.0,0.0,5.0,1.0,1.0,2.0,1.0,2.0,2.0
ISTJ,SJ,–ê–¥–º–∏–Ω–∏—Å—Ç—Ä–∞—Ç–æ—Ä | ISTJ,2vWJvmXRIOHVmPYFGnPrpj,50,0.5636800000000001,0.1214562052590083,0.70458,0.1802284366789966,-7.0698,3.2720470469647926,0.32,0.4712120714991612,0.065174,0.0780368693866782,0.1587065859999999,0.2103327259189892,0.215434,0.1540327259290793,0.4822379999999999,0.2600935396023076,129.47655999999998,27.809366732958217,0.0439730648,0.1408207558491207,2.0,3.0,4.0,2.0,1.0,1.0,0.0,4.0,1.0,1.0,0.0,6.0,2.0,3.0,0.0,2.0,1.0,2.0,0.0,3.0,2.0,1.0,9.0,0.0
ISTJ,SJ,istj estp rivals to coworkers to lovers to exes back to lovers,4YTmKw3P5xHHT1SoZsUkB1,50,0.66282,0.0980103472255113,0.7970200000000002,0.0945372165135109,-4.46546,1.2752173277764165,0.56,0.5014265364224069,0.063028,0.0472802329149275,0.06378761,0.082146101550045,0.176672,0.1193829817974787,0.6861999999999999,0.1907753246355406,120.28874000000002,21.94193194553408,0.0006073196,0.0022908715345946,1.0,2.0,1.0,3.0,2.0,1.0,2.0,3.0,3.0,4.0,2.0,3.0,2.0,7.0,2.0,1.0,1.0,2.0,2.0,0.0,2.0,2.0,1.0,1.0
ISTJ,SJ,ISTJ,2ohyVqBdeO907D7EhgN3SK,8,0.5297499999999999,0.1863420434117248,0.503,0.293302379319169,-9.289875,4.845868916259644,1.0,0.0,0.038675,0.0112016261574571,0.47765,0.3941296450951859,0.17045,0.1072891420414945,0.42825,0.2642675862508626,123.99375,24.8110777548486,0.167613875,0.3071550260635906,0.0,1.0,0.0,0.0,1.0,0.0,0.0,0.0,1.0,0.0,1.0,0.0,3.0,1.0,0.0,0.0,0.0,0.0,0.0,0.0,0.0,0.0,0.0,0.0
ISTJ,SJ,lan wangji,6Zhtnf6bCvzbUMMeH9gXWn,17,0.5047647058823529,0.1006923094206831,0.4714117647058824,0.1610815239341283,-9.741058823529412,3.145047663998676,0.6470588235294118,0.492592183071889,0.0403411764705882,0.0230264266339658,0.3233023529411764,0.2991922744768281,0.136335294117647,0.0723866522673247,0.4140882352941176,0.2118752754639889,111.732,29.850078046380386,0.0275728923529411,0.0940818126929641,2.0,1.0,0.0,0.0,3.0,0.0,1.0,1.0,1.0,0.0,0.0,1.0,0.0,0.0,3.0,1.0,1.0,1.0,0.0,1.0,0.0,0.0,0.0,0.0
ISTJ,SJ,istj,6VK8MUEG8I2u0LkmH4Tf3r,18,0.5312222222222223,0.1374458419783013,0.7525555555555556,0.1523178650918656,-7.726888888888889,3.036175978951713,0.8888888888888888,0.3233808333817773,0.0628222222222222,0.0870889238284339,0.2257638888888888,0.1845527756541038,0.2663,0.2447122007102845,0.6106111111111111,0.2594814147008671,126.57027777777778,31.75918311811665,0.0085320294444444,0.0306516517815292,0.0,3.0,0.0,2.0,4.0,0.0,0.0,0.0,0.0,0.0,0.0,1.0,2.0,1.0,3.0,0.0,0.0,0.0,0.0,1.0,0.0,1.0,0.0,0.0
ISTJ,SJ,Mbti mitski because I am mentally ill,7kjajGlZkacQbDymISUXnF,16,0.4523749999999999,0.1154439979672683,0.4399375,0.257474521393218,-9.95475,4.112052050578479,0.8125,0.4031128874149275,0.0402374999999999,0.0151190773528016,0.37666370625,0.4101873567055189,0.10566875,0.0236464717241283,0.35375625,0.2500571480515337,115.0195,25.742935610894623,0.026123639375,0.0970979352640278,0.0,2.0,0.0,2.0,4.0,0.0,0.0,0.0,0.0,1.0,0.0,1.0,2.0,0.0,0.0,0.0,1.0,0.0,2.0,0.0,0.0,0.0,1.0,0.0
ISTJ,SJ,valya,2f5rYeKfq54iRv4lxtfXtW,19,0.5826842105263159,0.1512217109014218,0.8137894736842104,0.0947409209648247,-4.477578947368422,1.652359333928626,0.5263157894736842,0.512989176042577,0.0973368421052631,0.0710736176285337,0.0847448421052631,0.1254015276254919,0.2172263157894736,0.1703576102794265,0.5129947368421053,0.2075978229218007,130.9747894736842,25.79611075030702,0.0429838105263157,0.1328443390828085,0.0,0.0,2.0,1.0,2.0,0.0,0.0,3.0,0.0,1.0,1.0,0.0,3.0,0.0,0.0,0.0,0.0,0.0,2.0,1.0,1.0,2.0,0.0,0.0
ISTJ,SJ,you crave the academic validation - study playlist,1g0U0fhgAxFPIjFcsH6qUb,50,0.313632,0.1743017468504032,0.1478956,0.1403952834570292,-21.193320000000003,6.446708182111713,0.42,0.4985693819032897,0.0536759999999999,0.0619109616089666,0.93404,0.0964623136731836,0.1150699999999999,0.0657146187879757,0.150842,0.1645885396486446,101.7669,29.5572080792279,0.7164837580000001,0.328583714943419,1.0,4.0,1.0,1.0,3.0,1.0,3.0,4.0,1.0,3.0,1.0,1.0,5.0,1.0,1.0,0.0,1.0,4.0,0.0,0.0,2.0,0.0,7.0,5.0
ISTJ,SJ,jamie,1MSAh4BV6qHsb8ewgCDDch,20,0.6210499999999999,0.1468244476272689,0.4521099999999999,0.2560289660833012,-11.84995,6.129978822621614,0.85,0.3663475485325232,0.069025,0.0638791200133831,0.4671685,0.3653702395231589,0.185085,0.1468080568382797,0.377795,0.2638551027303473,135.89365,34.76718027752611,0.265245792,0.3940940026993554,0.0,4.0,1.0,2.0,2.0,0.0,2.0,1.0,1.0,0.0,2.0,0.0,1.0,1.0,1.0,0.0,1.0,0.0,0.0,0.0,0.0,1.0,0.0,0.0
ISTJ,SJ,istj 1w9,2dov2f2KctTbphAqjcWHBd,50,0.5291,0.1848608136089508,0.5115,0.1937282179987716,-8.26806,3.918035380292588,0.7,0.4629100498862757,0.071866,0.0657362032083151,0.37800426,0.3445924291711497,0.154776,0.1060262377230951,0.3865999999999999,0.2194329426647936,119.8106,29.614848622587548,0.0410666696,0.145522863907417,4.0,10.0,2.0,0.0,1.0,0.0,1.0,2.0,2.0,0.0,5.0,3.0,3.0,2.0,2.0,1.0,3.0,2.0,2.0,4.0,0.0,0.0,1.0,0.0
ISTJ,SJ,Lovey Dovey Omihina,07DYqcR8NkF35HQSM8vSJe,41,0.5090243902439024,0.1492066499531569,0.3642268292682926,0.1945004846065817,-10.214243902439025,4.17089967980823,0.902439024390244,0.3004062290283349,0.0399731707317073,0.0147240963116627,0.6298667804878049,0.3026309527559526,0.148990243902439,0.0894430204232785,0.3635,0.2324872039489485,110.70336585365852,31.749001914041408,0.0339292885365853,0.1469836356877975,1.0,4.0,0.0,3.0,3.0,0.0,3.0,1.0,1.0,0.0,4.0,0.0,5.0,3.0,3.0,0.0,1.0,2.0,3.0,4.0,0.0,0.0,0.0,0.0
ISTJ,SJ,‚ô§ mcsm oc cuz POG,1o1xdjRboUDqOcZkli2hdg,50,0.4603,0.13910460753237,0.552848,0.2377341812072587,-8.98062,5.148094039584763,0.72,0.4535573676110727,0.046484,0.0294118840343317,0.3311612679999999,0.3578873051084363,0.158262,0.0954469163077208,0.35778,0.1987662610470204,126.32178,33.59170026761045,0.1725926668,0.3159707479651403,2.0,7.0,0.0,3.0,5.0,0.0,1.0,4.0,2.0,2.0,4.0,1.0,2.0,4.0,4.0,1.0,3.0,0.0,0.0,1.0,0.0,0.0,2.0,2.0
ISTJ,SJ,ISTJ,0btPl7vXX9UZxMZNG1ksCG,17,0.6560588235294117,0.1222658326088258,0.7685294117647059,0.1622590974518296,-4.240941176470589,1.6247973131512523,0.5294117647058824,0.5144957554275265,0.1038588235294117,0.0869572025396942,0.1587072058823529,0.223113879256974,0.1800647058823529,0.1039977580357893,0.5627058823529412,0.1620512128564155,122.50252941176468,26.612082157634827,7.294941176470588e-05,0.0002230380322801,2.0,1.0,0.0,4.0,0.0,0.0,0.0,1.0,0.0,0.0,0.0,0.0,1.0,1.0,1.0,1.0,0.0,0.0,0.0,1.0,1.0,1.0,1.0,1.0
ISTJ,SJ,One Song for Every MBTI,5ng1bCMZzaUl7EcM6bR8Du,16,0.5585,0.1538159072831328,0.72275,0.212512431008949,-5.5346875,3.228280630485316,0.6875,0.478713553878169,0.07046875,0.0394292060745162,0.1755116874999999,0.2837242911611479,0.22528125,0.1588507316896379,0.53470625,0.2142677311799422,132.0555625,31.965291045066884,0.0026255012499999,0.0059921662558397,0.0,4.0,1.0,0.0,1.0,0.0,1.0,1.0,1.0,0.0,1.0,1.0,1.0,1.0,0.0,1.0,1.0,0.0,0.0,0.0,0.0,1.0,0.0,0.0
ISTJ,SJ,ISTJ,3F3d7vaMhEBbjOOX81j5ye,24,0.5786666666666667,0.1246883651580896,0.64125,0.1935935342973497,-6.965166666666666,2.8377246958215245,0.8333333333333334,0.3806934938134404,0.0520416666666666,0.0281454902815425,0.33177125,0.3337363910439873,0.17675,0.1036125642876426,0.494625,0.1608939192787271,118.92220833333332,24.98999197762309,0.0119006133333333,0.0573197991719671,1.0,2.0,1.0,0.0,3.0,0.0,1.0,1.0,2.0,0.0,1.0,0.0,1.0,2.0,4.0,0.0,1.0,0.0,1.0,2.0,1.0,0.0,0.0,0.0
ISTJ,SJ,üéπ June,3E5gYNTS4RMZxYh2l9nWwy,50,0.50814,0.1670841178837162,0.6238760000000001,0.2122055824151741,-8.99548,4.259621475182593,0.7,0.4629100498862756,0.0541339999999999,0.055643316007644,0.2973964139999999,0.3079834371161387,0.146334,0.0881652798754147,0.4989459999999999,0.281621396023028,133.80138,26.038359084078795,0.3317481613999999,0.3558094976139949,1.0,5.0,1.0,2.0,8.0,0.0,1.0,1.0,1.0,2.0,3.0,0.0,7.0,2.0,3.0,4.0,1.0,2.0,2.0,0.0,2.0,0.0,0.0,2.0
ISTJ,SJ,istj,7M9jUgbyrJPzFFwrXR7FxU,27,0.5683333333333332,0.1176932126662039,0.5492962962962964,0.1868911272567359,-8.045,2.663669937973085,0.7777777777777778,0.4236592728681617,0.0529148148148148,0.0475916743179672,0.3770342703703704,0.2796760002735113,0.1732074074074074,0.1091763743318613,0.3932888888888888,0.2154973662757734,133.55577777777776,28.33063071243036,0.1469021792592592,0.2935454677518137,0.0,3.0,0.0,1.0,1.0,1.0,0.0,1.0,3.0,1.0,3.0,0.0,1.0,3.0,2.0,0.0,0.0,0.0,0.0,4.0,1.0,0.0,1.0,1.0
ISTJ,SJ,ü¶ö Witherspoon of Everblood ‚õì,7AV2rsmxsfpU2qFZzXBT4K,50,0.50124,0.1425226884909693,0.5075419999999999,0.2112802724016665,-9.95314,3.819943001017216,0.46,0.5034574339058886,0.046132,0.0383546896794663,0.44089154,0.3337616239769378,0.167532,0.1285708276811355,0.3628679999999999,0.1963868251119484,111.06932,26.41516087976133,0.1672388538,0.3323206146156878,1.0,3.0,2.0,4.0,5.0,1.0,1.0,5.0,2.0,4.0,0.0,2.0,1.0,3.0,3.0,5.0,0.0,3.0,1.0,0.0,0.0,1.0,2.0,1.0
ISTJ,SJ,GOAL GETTERS üéØ HUSTLE & CONQUER üåá  ABUNDANCE üíÑ STEM WOMEN MAGIC ü§ç ,2zn5EVVP0xg6j0Ueaazt59,34,0.7405294117647059,0.1298820526230737,0.6637058823529413,0.0914593897002892,-6.424264705882353,1.2832142481266977,0.5882352941176471,0.4995541684356421,0.10335,0.0726588844178637,0.0851016764705882,0.085016852880712,0.1311676470588235,0.0733336613791074,0.5148058823529411,0.2092408065265103,129.52802941176472,29.133324410045056,0.0200890823529411,0.1144922306719665,1.0,4.0,2.0,6.0,3.0,0.0,0.0,2.0,0.0,1.0,0.0,3.0,2.0,1.0,2.0,1.0,0.0,1.0,2.0,0.0,1.0,0.0,2.0,0.0
ISTJ,SJ,Maxie vibes (oc),5lPw04yM6d3SB0SR1A55GH,31,0.5738064516129032,0.1607620227447678,0.6203806451612903,0.2322929507028497,-7.949290322580646,5.931151300231394,0.6774193548387096,0.4751909633114914,0.0685451612903225,0.0773714022909829,0.3369304516129031,0.3148645490084944,0.162216129032258,0.1188595672681959,0.4914935483870967,0.234142345501597,115.94203225806451,28.56919830223204,0.1751707493548387,0.3452313199950476,1.0,2.0,1.0,1.0,3.0,0.0,1.0,1.0,3.0,1.0,3.0,1.0,3.0,1.0,0.0,1.0,1.0,2.0,2.0,1.0,0.0,0.0,2.0,0.0
ISTJ,SJ,Aspen Balamor,36getXzxllaIznMIg1jIUM,18,0.5997777777777777,0.1084942695995862,0.7098333333333334,0.2047909263844757,-5.614499999999999,2.1819512381999635,0.5,0.5144957554275266,0.0732833333333333,0.0675950768308218,0.1709427777777778,0.2325044904767004,0.1780499999999999,0.1162796944996897,0.5481111111111111,0.2464789428755441,119.22061111111113,26.74015007247889,0.0500706688888888,0.2123639727661953,0.0,0.0,0.0,3.0,1.0,0.0,1.0,2.0,0.0,1.0,1.0,1.0,1.0,0.0,2.0,0.0,0.0,2.0,0.0,0.0,1.0,1.0,0.0,1.0
ISTJ,SJ,ü¶ö Witherspoon of Everblood ‚õì,7AV2rsmxsfpU2qFZzXBT4K,50,0.50124,0.1425226884909693,0.5075419999999999,0.2112802724016665,-9.95314,3.819943001017216,0.46,0.5034574339058886,0.046132,0.0383546896794663,0.44089154,0.3337616239769378,0.167532,0.1285708276811355,0.3628679999999999,0.1963868251119484,111.06932,26.41516087976133,0.1672388538,0.3323206146156878,1.0,3.0,2.0,4.0,5.0,1.0,1.0,5.0,2.0,4.0,0.0,2.0,1.0,3.0,3.0,5.0,0.0,3.0,1.0,0.0,0.0,1.0,2.0,1.0
ISTJ,SJ,Istj,18ohGr4VxIISq3KAzOyBN4,9,0.6248888888888888,0.1578103643969911,0.554,0.2322869992057239,-8.977666666666668,4.826674916544516,0.3333333333333333,0.5,0.0469888888888888,0.024696074811822,0.2874888888888889,0.3233459426235485,0.1872,0.1650092951927254,0.4867,0.2626891889667331,109.16188888888888,20.00449016748768,0.0006973244444444,0.0018573081324198,1.0,0.0,1.0,1.0,0.0,0.0,0.0,0.0,0.0,1.0,0.0,1.0,1.0,0.0,1.0,0.0,0.0,0.0,0.0,0.0,1.0,0.0,0.0,1.0
ISTJ,SJ,milkcore,7rhI9N2SyUBEKlN9bjYCnx,50,0.54384,0.1630470521796999,0.598298,0.2212714267175783,-8.22552,4.211416147684718,0.62,0.4903143514780145,0.06332,0.0418283957841745,0.3011990404,0.3247232539844464,0.1874279999999999,0.1400069255429888,0.40062,0.2060135293754133,133.53074,26.786899114222056,0.1885516367999999,0.3304383024318147,3.0,12.0,3.0,3.0,3.0,2.0,0.0,1.0,1.0,1.0,2.0,1.0,1.0,3.0,2.0,2.0,2.0,2.0,1.0,1.0,0.0,0.0,3.0,1.0
ISTJ,SJ,MBTI - ISTJ,2J6irnN5SQ8egVi9IcDmZI,2,0.6635,0.0049497474683058,0.6445000000000001,0.0473761543394987,-7.6395,3.775243104754977,1.0,0.0,0.0322999999999999,0.0097580735803743,0.2714999999999999,0.2142533546995239,0.1295,0.0318198051533946,0.5975,0.2142533546995239,106.9525,9.822420297462324,0.1785055499999999,0.2524292719983262,0.0,1.0,0.0,0.0,0.0,0.0,0.0,0.0,0.0,0.0,0.0,0.0,0.0,0.0,0.0,0.0,0.0,0.0,0.0,1.0,0.0,0.0,0.0,0.0
ISTJ,SJ,ISTJ,43n7zh8YTmfQeCx8ir5xGc,17,0.5750000000000001,0.1920579339678525,0.4657058823529412,0.1704130147266789,-8.27,2.32425848390406,0.5294117647058824,0.5144957554275265,0.0603117647058823,0.0477266681525242,0.4465664705882353,0.3009742038144876,0.1325529411764705,0.0735929948912178,0.4531705882352941,0.2125493053526224,127.37135294117648,35.679340743175835,0.0757932411764706,0.2090938252009162,2.0,1.0,0.0,1.0,0.0,0.0,1.0,0.0,1.0,1.0,0.0,0.0,1.0,1.0,0.0,2.0,2.0,0.0,1.0,0.0,1.0,0.0,0.0,2.0
ISTJ,SJ,heskel elrius,6PikY3bKhRje2HCfaPmVNY,18,0.3931111111111111,0.1478556087733963,0.5177666666666666,0.2756286952533404,-10.882444444444443,6.458227331198393,0.2777777777777778,0.4608885989624768,0.0586222222222222,0.0489351017471767,0.370286111111111,0.3554849295910304,0.1681555555555555,0.1613009070476018,0.3255055555555555,0.2541338680862838,116.42133333333332,38.85702373180578,0.3830810916666666,0.3949929904525567,2.0,0.0,0.0,1.0,1.0,0.0,1.0,3.0,0.0,1.0,0.0,1.0,0.0,0.0,1.0,1.0,1.0,2.0,0.0,0.0,2.0,0.0,0.0,1.0
ISTJ,SJ,‡º∫ÀöüìöÔΩ°Àöùêºùí©ùíØùí• ùíÆùëúùìÉùëîùìà‡º∫Àö,4mHZjy40LgNHgROI67oF0T,20,0.59055,0.1460830603674354,0.6982999999999999,0.1486068993227292,-6.1465000000000005,3.082648767059366,0.55,0.5104177855340405,0.073985,0.0690343947456247,0.1553927,0.2069884978002146,0.2090749999999999,0.1484641118250468,0.4364450000000001,0.2096739636347722,129.19009999999997,29.02345261281678,0.1093578245,0.2343645273758483,1.0,1.0,1.0,1.0,0.0,0.0,0.0,2.0,0.0,1.0,2.0,0.0,0.0,3.0,1.0,3.0,1.0,0.0,0.0,2.0,0.0,1.0,0.0,0.0
ISTJ,SJ,"love, istj",5N3ch0Y2Gmz2G33qTsSPYw,28,0.6014999999999999,0.1256200915753822,0.4324071428571428,0.1804677583363349,-8.198035714285716,3.667298384795228,0.75,0.4409585518440984,0.066625,0.0714720386921683,0.5090260714285714,0.3371640995051309,0.1556428571428571,0.0908828934258825,0.425025,0.230209166765711,108.3222857142857,26.92313525694012,0.0010265185714285,0.0054039039142009,0.0,2.0,1.0,1.0,4.0,0.0,2.0,0.0,2.0,1.0,0.0,2.0,2.0,2.0,2.0,0.0,2.0,0.0,2.0,0.0,1.0,0.0,1.0,1.0
ISTJ,SJ,istj,1OdCamJA9l3x7jOOA76jiP,50,0.6421000000000001,0.1267892756039061,0.58678,0.1507998118875024,-7.61514,2.8191324111202314,0.54,0.5034574339058886,0.077282,0.0672442416622768,0.16218768,0.206596926929398,0.19306,0.1340574838626767,0.397042,0.2190301638811328,119.58438,24.37499347641148,0.0433670452,0.1710011745904968,2.0,3.0,3.0,6.0,2.0,1.0,1.0,0.0,1.0,1.0,1.0,2.0,1.0,5.0,1.0,3.0,2.0,4.0,3.0,1.0,0.0,2.0,2.0,3.0
ISTJ,SJ,sp9 & istj,0WCWw2VGckyHn6lSewjcoj,12,0.6470833333333333,0.1240098664207689,0.6000833333333333,0.1971226929113085,-8.130999999999998,3.9073229384649726,0.5,0.5222329678670935,0.1915666666666666,0.1684935894833085,0.2234476666666666,0.2748888026355824,0.2266666666666666,0.1364606725452983,0.4638333333333333,0.2477589860156744,111.80141666666668,27.01825940984872,0.0190023916666666,0.0608349916131177,0.0,0.0,1.0,1.0,0.0,1.0,2.0,1.0,1.0,0.0,0.0,1.0,2.0,0.0,0.0,0.0,0.0,1.0,0.0,0.0,0.0,0.0,1.0,0.0
ISTJ,SJ,; sucrette,5yWAojAeaaEoRNOulxwdjg,50,0.57972,0.1454337692026504,0.641738,0.2511905203349092,-7.547479999999999,4.588148086858006,0.62,0.4903143514780145,0.059974,0.0427854725011055,0.23270368,0.302873401682539,0.155448,0.1097949317442963,0.4887139999999999,0.2508997311798528,129.986,29.30720399979695,0.0880595844,0.2407634930223663,0.0,4.0,3.0,1.0,5.0,0.0,1.0,2.0,2.0,0.0,0.0,1.0,5.0,8.0,3.0,1.0,1.0,6.0,1.0,0.0,2.0,0.0,4.0,0.0
ISTJ,SJ,‚ùÄ ‡æÄ‚†Ä ‚ñì‚†Ä‚†Ä‚úø ‡æÄ‚†Ä‚ñì ‚†Ä,6TTA6WYYBUc7XHxVsG37Ow,50,0.4136799999999999,0.1466594611711784,0.62806,0.2407583605262033,-7.173760000000001,3.534535344920149,0.7,0.4629100498862757,0.0462319999999999,0.0226896401784728,0.1592213499999999,0.2791074460611593,0.163106,0.0964170308649687,0.350422,0.2545879586504356,113.73332,32.25282263138264,0.0912749117999999,0.2101450480054365,1.0,7.0,1.0,4.0,7.0,1.0,1.0,1.0,2.0,3.0,2.0,3.0,3.0,3.0,4.0,0.0,0.0,1.0,0.0,2.0,2.0,1.0,1.0,0.0
ISTJ,SJ,MEU ISTJ,0DJvvM1Bl86lBtsaJf0wZN,15,0.5278666666666666,0.1616490319297011,0.6896666666666665,0.1408766769030207,-6.617333333333334,2.299240267898031,0.7333333333333333,0.4577377082170634,0.0836999999999999,0.0688645565066467,0.1580932266666667,0.2300944381438675,0.2458333333333333,0.2208870321055107,0.5703999999999999,0.2338298526706973,137.60406666666668,39.10171306343545,0.0428452066666666,0.1632681588130418,0.0,2.0,0.0,1.0,2.0,0.0,0.0,3.0,0.0,0.0,1.0,0.0,2.0,0.0,3.0,0.0,0.0,1.0,0.0,0.0,0.0,0.0,0.0,0.0
ISTJ,SJ,üåëPOV: ISTJ falling in love with ENFPüåï,5fDSZLHbfKCOjsLE7mGsOo,47,0.5772765957446807,0.132212888625103,0.5891531914893616,0.2249655595390623,-7.652489361702126,3.5757828019363105,0.7446808510638298,0.4407545460261734,0.0513191489361702,0.0260528279220933,0.3726245319148936,0.3285339134742244,0.1582978723404255,0.1156948093408607,0.4874255319148937,0.2475191467939444,121.71321276595744,31.39354798150075,0.0469881976595744,0.1506419176673139,0.0,6.0,1.0,5.0,8.0,1.0,0.0,1.0,2.0,0.0,0.0,1.0,3.0,3.0,4.0,1.0,2.0,3.0,1.0,1.0,0.0,1.0,1.0,2.0
ISTJ,SJ,.:+*Sophisticated*+:.,6csbCTIU8mi0VlBWlURGgg,50,0.67376,0.1374084570964708,0.5098599999999999,0.172106873536089,-7.51178,2.2657898770492326,0.68,0.4712120714991611,0.090052,0.0940489933980352,0.344117986,0.2289689737214513,0.1704959999999999,0.1202256296489637,0.4602800000000001,0.1941866386038053,119.08561999999998,26.78036180494344,0.0196618223999999,0.0895576601401863,2.0,6.0,5.0,1.0,4.0,1.0,2.0,1.0,0.0,2.0,3.0,2.0,6.0,1.0,4.0,2.0,1.0,0.0,2.0,4.0,0.0,0.0,0.0,1.0
ISTJ,SJ,Empresses & Goddesses | Queen Archetype | Female Power,1Km2ylvNvwIvLWAASNhe6Y,50,0.7009600000000001,0.1488170990833776,0.62602,0.174166878690103,-6.598860000000001,2.7093857652423647,0.48,0.5046720495044484,0.125632,0.1117887301099347,0.18181024,0.2062733927414878,0.199816,0.1613705601959638,0.456988,0.2257431786570838,126.78662,29.74421375792513,0.0408742742,0.1512156058281799,2.0,2.0,3.0,5.0,3.0,0.0,0.0,2.0,2.0,4.0,1.0,1.0,0.0,3.0,3.0,3.0,2.0,6.0,1.0,2.0,1.0,3.0,1.0,0.0
ISTJ,SJ,ISTJ,7MFq3FGublpnjYkPTUo46y,50,0.55346,0.1073552580387725,0.6625599999999998,0.144868153991194,-6.833780000000001,2.81185251805021,0.6,0.4948716593053935,0.04194,0.022759335379988,0.1672275106,0.2076539044978567,0.17925,0.1060056799594883,0.481226,0.1876735776799272,121.08294000000002,33.30409750877327,0.1531495726,0.2759003367572012,2.0,4.0,2.0,0.0,9.0,1.0,1.0,1.0,1.0,1.0,4.0,2.0,4.0,0.0,2.0,1.0,2.0,2.0,1.0,2.0,2.0,2.0,2.0,2.0
ISTJ,SJ,MBTI Types As Songs - At Their Best / Worst,1l637Lrl1Jz4OZSppxR35p,32,0.628625,0.1501431037807039,0.6406875000000001,0.169949601163062,-6.48796875,2.6208627548265664,0.8125,0.396557769456266,0.0753906249999999,0.0630191489555408,0.2344976875,0.283038161198808,0.173084375,0.1498496130197786,0.522875,0.2159971251302112,115.63228125,25.779177698082503,0.0250646321874999,0.0950373824788374,0.0,2.0,1.0,2.0,4.0,0.0,0.0,2.0,1.0,1.0,4.0,0.0,3.0,2.0,4.0,0.0,1.0,0.0,2.0,1.0,1.0,0.0,1.0,0.0
ISTJ,SJ,istj 1w9 so/sp 163 lii vlef rcoei mel-chol,5zBFxwXzotXByNFS84EIEi,33,0.4973333333333333,0.1530007489088425,0.5999187878787878,0.2069648282884917,-8.244030303030303,4.788772582071844,0.5757575757575758,0.5018903659106633,0.0624787878787878,0.0625741198378758,0.257212909090909,0.3048559612912879,0.1688666666666666,0.1241394796858222,0.4545545454545454,0.2739902998863612,113.28190909090908,35.24799157342482,0.184346196060606,0.3116983711119115,0.0,4.0,1.0,2.0,2.0,0.0,0.0,1.0,1.0,2.0,1.0,0.0,1.0,2.0,1.0,1.0,0.0,1.0,1.0,4.0,5.0,1.0,1.0,1.0
ISTJ,SJ,‚ú®Istj‚ú®,1rAOmoBEmlOQS2GTtDx3I7,43,0.5098139534883721,0.1718301010015074,0.5122023255813954,0.2587898637232367,-9.476162790697677,4.46016598522133,0.7674418604651163,0.4274625743754585,0.056053488372093,0.0475850334055593,0.373152976744186,0.3560798237421791,0.1430186046511628,0.0723262820432318,0.4583906976744186,0.2925029986121863,123.32006976744186,38.644181157739126,0.0861371688372093,0.2588811383211277,2.0,7.0,2.0,2.0,3.0,0.0,0.0,2.0,2.0,1.0,4.0,0.0,8.0,0.0,2.0,0.0,3.0,0.0,1.0,1.0,0.0,1.0,1.0,1.0
ISTJ,SJ,Lawrence Aubert,0YqDyB4Aqc7k62M5zEaK7N,50,0.54562,0.149965559311436,0.4947999999999999,0.2136722647764418,-9.08286,4.205672190249347,0.7,0.4629100498862757,0.055938,0.0369097569645706,0.5038989,0.3590647324040867,0.181756,0.1317503795603098,0.38297,0.2193548381048387,121.68923999999998,29.62279343547493,0.0677328642,0.1745305937675187,0.0,5.0,1.0,4.0,5.0,0.0,3.0,3.0,3.0,0.0,1.0,4.0,3.0,0.0,3.0,0.0,3.0,1.0,1.0,4.0,1.0,1.0,1.0,3.0
ISTJ,SJ,lu√≠s,4RXEAWGDQ8ZBAYuth3HMfF,37,0.5646756756756757,0.1397281197449083,0.471,0.1674342325279457,-7.913432432432431,2.522384019363654,0.4594594594594595,0.5052279240652235,0.0547621621621621,0.0382542252666388,0.4299932432432432,0.2869648493191191,0.1561108108108108,0.0961517890969614,0.3446054054054054,0.2115418988521422,118.81305405405404,27.29895551516979,0.0277830097297297,0.1390347188839691,2.0,3.0,2.0,2.0,1.0,1.0,0.0,4.0,0.0,2.0,2.0,1.0,1.0,1.0,1.0,0.0,1.0,2.0,4.0,1.0,3.0,1.0,1.0,1.0
ISTJ,SJ,farnese | character playlist,1ZPcR2HzrkuAKjfE8gLnwB,26,0.4651923076923077,0.1495170944690323,0.668673076923077,0.2239252974680481,-7.719884615384615,4.144786057947242,0.5769230769230769,0.5038314736557788,0.0409692307692307,0.0105884378160621,0.1981327692307692,0.3108946340126581,0.1919923076923076,0.1430190754356269,0.4233999999999999,0.2564098859248606,133.8951923076923,40.030274916886825,0.1992731542307692,0.3142580851257137,0.0,3.0,1.0,0.0,2.0,0.0,0.0,0.0,0.0,2.0,2.0,1.0,0.0,1.0,3.0,2.0,1.0,1.0,2.0,1.0,3.0,1.0,0.0,0.0
ISTJ,SJ,ISTJ Playlist,0mu7HBWsVlYIoeGfBfIqEo,26,0.5214615384615385,0.1608505469730783,0.5228846153846154,0.2183348486931167,-8.903346153846154,3.3783341213362275,0.8846153846153846,0.325812593608421,0.0473115384615384,0.0250189580426216,0.3970616538461539,0.3262940564716363,0.15675,0.1131045542849623,0.3602230769230769,0.2308263872397474,118.53430769230768,33.90816160014486,0.0555991492307692,0.1985668834760056,0.0,6.0,1.0,0.0,1.0,0.0,1.0,0.0,3.0,0.0,2.0,0.0,5.0,1.0,0.0,0.0,2.0,0.0,2.0,0.0,1.0,0.0,0.0,1.0
ISTJ,SJ,ISTJ,2JPXYppJXYtuOhiXY0msQj,32,0.59153125,0.183999120680753,0.55925,0.2083314666583039,-7.679500000000001,3.486924488298646,0.5625,0.5040161287741853,0.064025,0.0519431078355242,0.35571090625,0.325572940197526,0.225409375,0.1608856904548852,0.46540625,0.2198830861448434,121.3906875,30.41756432682625,0.0377885999999999,0.1049503407543708,1.0,2.0,0.0,1.0,1.0,0.0,2.0,2.0,1.0,4.0,3.0,2.0,2.0,2.0,2.0,1.0,2.0,1.0,0.0,0.0,1.0,1.0,0.0,1.0
ISTJ,SJ,istj (03),1DHceZKRQamtyxjK8l2Pma,32,0.54903125,0.1615646249158322,0.45496875,0.1954652818566262,-8.2378125,2.5153409880750406,0.78125,0.4200134406451544,0.043415625,0.0210132847284912,0.501316875,0.2953721280278927,0.14219375,0.076700313064508,0.3757812499999999,0.1988724237480384,111.34728125,27.712355041580366,0.005766915625,0.01992360872337,2.0,2.0,0.0,1.0,1.0,0.0,2.0,0.0,0.0,0.0,1.0,1.0,8.0,2.0,2.0,0.0,2.0,0.0,3.0,1.0,1.0,0.0,0.0,3.0
ISTJ,SJ,one song for each mbti | classical,0NObHzrSiLXhHQY7E07VdF,16,0.27625,0.1127679032349187,0.1572124999999999,0.1060036846843856,-19.74275,7.1445164846895,0.375,0.5,0.04355,0.0242951847080856,0.8785624999999999,0.1400166507955393,0.1308625,0.0852618701413474,0.2090375,0.2116333807161179,106.9456875,46.95799178658694,0.681806709375,0.3880557130854427,2.0,2.0,1.0,1.0,0.0,0.0,0.0,2.0,0.0,1.0,1.0,0.0,0.0,0.0,1.0,0.0,1.0,1.0,0.0,0.0,2.0,0.0,0.0,1.0
ISTJ,SJ,…™ Ä·¥á…¥·¥á ,1lLiTlwFCo6DoZu4Vis3Ju,32,0.68815625,0.1302887882619766,0.7179375,0.1284256876877228,-5.621875,2.0213990803241906,0.28125,0.4568034093991743,0.11424375,0.0873272375109296,0.1277218749999999,0.1738569763031504,0.215109375,0.1979240736786009,0.52653125,0.1819152557710817,119.40975,28.6018592154539,0.0048671909375,0.0243480402185487,0.0,0.0,4.0,3.0,2.0,0.0,0.0,1.0,0.0,2.0,0.0,4.0,0.0,1.0,0.0,1.0,0.0,5.0,1.0,2.0,1.0,1.0,2.0,2.0
ISTJ,SJ,blue jays,5WWBNQwIvtmGpEnhXP9Dzl,16,0.5371250000000001,0.1601328094634783,0.5048125,0.2186306531573283,-8.5938125,3.2623095544669987,0.875,0.3415650255319866,0.05433125,0.0353590293748758,0.50246875,0.2809822929622672,0.1597812499999999,0.0910928260530615,0.36409375,0.2275640729369789,112.007875,32.13765235540186,0.0395704187499999,0.1416463321071661,0.0,2.0,0.0,0.0,2.0,0.0,1.0,0.0,1.0,0.0,1.0,0.0,1.0,1.0,2.0,0.0,1.0,1.0,0.0,2.0,0.0,0.0,1.0,0.0
ISTJ,SJ,ya ( an istj playlist),7gvCkzwOrJ8964M5KPPMrB,50,0.5893400000000001,0.1739687527654765,0.6893400000000001,0.1866825975952176,-6.277839999999999,2.5464639858086366,0.64,0.484873221385061,0.073042,0.0662491003866529,0.203412008,0.2447964398187561,0.1693399999999999,0.1155732067671784,0.499274,0.2155347945867465,125.41404,30.7255015421844,0.0480121782,0.1298887991259926,2.0,5.0,1.0,2.0,4.0,0.0,0.0,2.0,1.0,3.0,5.0,0.0,4.0,1.0,5.0,0.0,4.0,5.0,0.0,1.0,1.0,1.0,2.0,1.0
ISTJ,SJ,pov: you‚Äôre the trophy child üèÜ,5AP4Hdb340L6AQ4lD55lbU,16,0.6128125,0.1031078521096558,0.512,0.1917727822189582,-8.584187499999999,3.0295529531324146,0.8125,0.4031128874149275,0.08811875,0.0811578315691098,0.4317863125,0.3646135029848673,0.1492125,0.1130988704629714,0.5269375000000001,0.1881968716530644,138.9791875,32.24076180700192,0.034702775,0.122956337618191,0.0,4.0,0.0,1.0,2.0,0.0,0.0,0.0,3.0,1.0,0.0,0.0,0.0,0.0,1.0,2.0,0.0,0.0,0.0,2.0,0.0,0.0,0.0,0.0
ISTJ,SJ,another one of those enfp x istj fuckers üòÇ,4d6wnMOMp96kZJVyNUiCMr,27,0.6491111111111111,0.1193583271347678,0.617888888888889,0.2134086605793129,-7.046222222222222,3.276632057620392,0.8888888888888888,0.3202563076101742,0.0670925925925925,0.061824415925736,0.2957466666666666,0.2925939043347386,0.1894333333333333,0.1169598451803668,0.5816296296296296,0.2290745844526739,119.81692592592591,27.89923260169593,0.0034367292592592,0.0108280072302151,0.0,2.0,2.0,1.0,3.0,0.0,2.0,1.0,1.0,0.0,2.0,0.0,1.0,1.0,3.0,0.0,1.0,0.0,2.0,5.0,0.0,0.0,0.0,0.0
ISTJ,SJ,üë®‚Äçü¶≥ÊèêÂâçÊ≠•ÂÖ•ËÄÅÂπ¥,0IrQle3qeWt1Q9T4OG3fU2,47,0.6247872340425532,0.1169553865462517,0.5716170212765959,0.2232989372033635,-7.321978723404256,3.7437086499965777,0.723404255319149,0.4521507857175269,0.0445106382978723,0.0407515603011102,0.4758772340425531,0.2917562021448888,0.1550297872340425,0.0821740435980735,0.4605106382978723,0.2260376913876192,127.21485106382978,29.933532282577648,0.0124245861702127,0.0826853953221528,1.0,5.0,1.0,4.0,3.0,0.0,1.0,2.0,5.0,2.0,4.0,2.0,1.0,2.0,1.0,1.0,4.0,0.0,3.0,1.0,1.0,0.0,3.0,0.0
ISTJ,SJ,POV: Your me,6xYpkK2kauMGHlyqJl66hk,31,0.5860000000000001,0.1650296942977232,0.5598354838709676,0.2586807486051576,-8.83158064516129,4.7716151128256605,0.7096774193548387,0.4614143753790637,0.0735806451612903,0.0783111802122567,0.4356718967741935,0.3615136118028342,0.2221967741935484,0.22397863660607,0.5244193548387097,0.2099953609318625,123.4297741935484,30.185918097361974,0.0150693193548387,0.0519421466356611,0.0,5.0,2.0,0.0,5.0,0.0,0.0,0.0,2.0,0.0,1.0,0.0,6.0,0.0,2.0,0.0,0.0,3.0,1.0,0.0,1.0,0.0,1.0,2.0
ISTJ,SJ,üéß ,2D9zlfzeH0gFfMcu3CEvdB,50,0.53018,0.1620819508011617,0.63052,0.1923377386637519,-8.23168,3.256125063034657,0.76,0.4314191105869001,0.040602,0.0207712761833671,0.2301581426,0.2809549098628899,0.141454,0.106236607722612,0.486528,0.2360207298401682,124.63554000000002,30.024672821007915,0.2822970768,0.3403494874671539,2.0,4.0,1.0,1.0,5.0,2.0,4.0,0.0,3.0,2.0,3.0,2.0,3.0,1.0,7.0,1.0,1.0,0.0,2.0,4.0,0.0,1.0,1.0,0.0
ISTJ,SJ,death the kid | character playlist,5U16fBosBG0NxIu2y2Gepz,36,0.5446111111111113,0.1522271381433073,0.7239249999999999,0.2312468592836915,-6.969055555555555,4.912014523852681,0.5833333333333334,0.4999999999999999,0.1002305555555555,0.1022091156668368,0.173700675,0.2572485998725128,0.1792416666666666,0.1644370576499453,0.4123583333333334,0.226350671525401,125.83730555555556,33.85645896834749,0.2975136063888889,0.3801246236910406,1.0,2.0,0.0,3.0,2.0,1.0,1.0,1.0,0.0,4.0,2.0,0.0,2.0,4.0,1.0,1.0,1.0,2.0,2.0,1.0,1.0,1.0,3.0,0.0
ISTJ,SJ,silvanus chatterjee ,3dweAvNLqOorIiN7ArlBvh,50,0.47508,0.1328326920664964,0.3580979999999999,0.1782392183990667,-10.18394,3.398248777153987,0.76,0.4314191105869001,0.03929,0.0126129873138599,0.622148,0.3018714980292922,0.127302,0.0692709895693599,0.2623020000000001,0.1828610808616134,119.77202,32.31697429164647,0.0901227929999999,0.2141580160254227,1.0,4.0,0.0,3.0,2.0,0.0,4.0,0.0,1.0,0.0,3.0,2.0,1.0,2.0,8.0,2.0,5.0,2.0,3.0,2.0,2.0,1.0,1.0,1.0
ISTJ,SJ,ist.joaquin.guz7,6hS6fTuFh28BLUl13d3f57,50,0.7938,0.0721138555567881,0.6894199999999998,0.1111850984729922,-6.52622,1.6157651285419687,0.56,0.5014265364224069,0.1231,0.0760935782642742,0.2266662,0.1977656828414755,0.153286,0.1318310220374118,0.6624599999999999,0.2104282523516153,112.72806,30.69955797621689,0.0173703216,0.0703933745726035,1.0,4.0,3.0,6.0,2.0,2.0,0.0,3.0,0.0,2.0,1.0,0.0,3.0,4.0,1.0,4.0,0.0,0.0,4.0,3.0,2.0,0.0,5.0,0.0
ISTJ,SJ,desiderium,0PmkKvsSpIWMcqS5ugaho5,15,0.5062666666666668,0.164770605330418,0.4756000000000001,0.2113848217283891,-9.668933333333332,4.231390458173745,0.5333333333333333,0.5163977794943222,0.0648266666666666,0.0583331254418064,0.5245133333333333,0.3360522851893026,0.1778733333333333,0.1134249875888193,0.3634666666666666,0.2177206160809459,121.14406666666667,33.6394944638137,0.169740932,0.31437766701171,1.0,1.0,2.0,1.0,1.0,0.0,2.0,0.0,0.0,0.0,0.0,1.0,0.0,1.0,0.0,0.0,0.0,0.0,1.0,1.0,3.0,0.0,0.0,0.0
ISTJ,SJ,babie,0kqu0gq5LTid0uy8VjdYmE,25,0.57924,0.0996156279573307,0.6748000000000001,0.1745498973550734,-6.81852,2.956314782517811,0.6,0.5,0.046524,0.0186646787631969,0.1784487,0.2435570675570717,0.174012,0.1220079277478858,0.518756,0.2261393672052701,123.01256,24.88301933561653,0.106342308,0.2242540702879978,1.0,1.0,0.0,0.0,3.0,0.0,0.0,0.0,2.0,1.0,3.0,1.0,2.0,0.0,3.0,1.0,0.0,1.0,0.0,1.0,1.0,1.0,2.0,1.0
ISTJ,SJ,üé¢ Norma,3DjEMjOKHqq4PURQ886rFK,48,0.6070000000000001,0.0967026589878435,0.6407708333333333,0.2325181520787125,-8.833770833333334,3.134572509722126,0.8125,0.3944427796055832,0.0508979166666666,0.0382457367368717,0.2924879604166667,0.304766858766156,0.2046562499999999,0.1769360708041064,0.625125,0.2343408705646995,123.61725,24.495928074560528,0.0977527072916666,0.2074291299673302,1.0,5.0,1.0,1.0,7.0,0.0,2.0,0.0,3.0,0.0,0.0,1.0,7.0,3.0,2.0,0.0,3.0,3.0,5.0,1.0,0.0,0.0,1.0,2.0
ISTJ,SJ,m b t i,27E8ft3XkWDgnCixcUTcGU,16,0.5524374999999999,0.0970930610290972,0.6646875,0.1924209686252168,-7.3635,2.612831873657393,0.75,0.4472135954999579,0.0406187499999999,0.0095584670144676,0.216543875,0.3089696589958038,0.1548999999999999,0.1037631276835209,0.4661875,0.2141184154465312,137.65949999999998,25.61835960660505,0.0472863643749999,0.124000998785976,1.0,2.0,1.0,1.0,1.0,0.0,1.0,0.0,1.0,0.0,2.0,0.0,1.0,0.0,2.0,0.0,0.0,2.0,1.0,0.0,0.0,0.0,0.0,0.0
ISTJ,SJ,fictional ESXP men <3,7BAo6OqFIf9MhWK7EIesOa,50,0.6788599999999998,0.1218428244811774,0.7605000000000001,0.1602817990354513,-5.25118,2.9545819117196976,0.52,0.5046720495044485,0.076902,0.0501243046264555,0.12562854,0.2000281876456018,0.1976619999999999,0.1525788921261685,0.71494,0.1724650109442492,127.63278,23.229273062053164,0.0011019311999999,0.0048489411868625,1.0,3.0,4.0,3.0,3.0,0.0,1.0,3.0,3.0,2.0,0.0,1.0,3.0,2.0,3.0,3.0,3.0,4.0,0.0,2.0,3.0,1.0,1.0,1.0
ISTJ,SJ,DiamondNii Personalityüíô,293ziHVi3oTGiHs1vJJKpZ,31,0.5589354838709677,0.1035425630626912,0.7352903225806453,0.1598197304357604,-6.220451612903225,2.7102080466108096,0.4838709677419355,0.5080005080007621,0.0941612903225806,0.1010168721135875,0.1048894838709677,0.160829218096686,0.2224935483870967,0.1445985613932215,0.4299709677419356,0.2416139361233789,137.52545161290325,29.461073649635505,0.204557639032258,0.3060443072871686,1.0,0.0,0.0,0.0,2.0,0.0,0.0,1.0,1.0,0.0,0.0,3.0,2.0,1.0,3.0,0.0,1.0,0.0,4.0,1.0,3.0,1.0,6.0,1.0
ISTJ,SJ,my villain origin story,1TFaC7AcflFdUPUP0ygI5u,50,0.51814,0.1335673811457065,0.82158,0.1582124753201806,-4.37072,2.38967545435418,0.66,0.4785181206984065,0.085114,0.0721246879807915,0.08482061,0.1616341964242946,0.191946,0.1344255096205132,0.52064,0.2141387839124669,133.35559999999998,31.623949040212537,0.0297301838,0.1413459644671405,0.0,4.0,2.0,6.0,4.0,1.0,2.0,3.0,2.0,3.0,3.0,2.0,6.0,1.0,2.0,2.0,2.0,3.0,0.0,1.0,0.0,1.0,0.0,0.0
ISTJ,SJ,typology ·µî·¥ó·µî,4jZ12YygVKLNzqlilaJ0cJ,11,0.5904545454545455,0.1398501795754039,0.4528181818181819,0.1890924737697501,-10.010636363636364,3.618799394073324,0.7272727272727273,0.4670993664969137,0.0346454545454545,0.0062399300695382,0.4385381818181817,0.3320450963895772,0.1337818181818182,0.0855774715469184,0.3799909090909091,0.2240787828177645,108.9581818181818,14.5732656039625,0.1414218181818181,0.2585545404288303,0.0,0.0,0.0,1.0,2.0,0.0,1.0,0.0,2.0,0.0,0.0,1.0,0.0,0.0,2.0,0.0,0.0,1.0,0.0,0.0,0.0,0.0,1.0,0.0
ISTJ,SJ,monotonia,3NfvREnzjK3Sbfu0BynJcg,28,0.5480714285714287,0.1223252884340608,0.5197857142857144,0.176269439619905,-9.198321428571427,2.828233253694184,0.8214285714285714,0.3900210277874797,0.0463785714285714,0.0361940485914349,0.4396301785714285,0.2964295076732601,0.183375,0.1743399650852492,0.4509607142857144,0.2482787536431218,116.23364285714284,22.50469019134602,0.0710409532142857,0.1954985604028979,0.0,6.0,0.0,0.0,4.0,0.0,1.0,1.0,3.0,0.0,2.0,0.0,1.0,1.0,3.0,0.0,1.0,0.0,1.0,0.0,1.0,1.0,1.0,1.0
ISTJ,SJ,If I was a playlist,1i01AC5R3SlqA2OJ3PV37T,50,0.46836,0.1483293027045442,0.69418,0.1874577165928468,-6.80686,2.966754923467452,0.74,0.443087497693452,0.05852,0.0413231910971185,0.2004146379999999,0.2640248674149439,0.168814,0.0952788689123904,0.5119980000000001,0.1796542603481044,127.35980000000004,35.24579659986683,0.155356464,0.2751261009324777,1.0,4.0,2.0,2.0,3.0,1.0,2.0,1.0,1.0,2.0,4.0,2.0,3.0,4.0,4.0,0.0,1.0,2.0,4.0,5.0,1.0,0.0,0.0,1.0
ISTJ,SJ,Fi dom: INFP & ISFP,2up79VJcEpVsHuMvySWCG2,47,0.666127659574468,0.1406417924499462,0.6080851063829786,0.1871903042113808,-6.542978723404256,2.785744116415964,0.4042553191489361,0.4960528753410618,0.1031425531914893,0.0906680969362165,0.2487744680851064,0.2625503098191353,0.1774510638297872,0.1419542499361347,0.4685106382978724,0.1767572484634401,119.80225531914893,34.395864725832126,0.004729809574468,0.0201723329626963,1.0,1.0,2.0,3.0,5.0,1.0,0.0,1.0,0.0,5.0,1.0,8.0,2.0,1.0,0.0,1.0,3.0,2.0,0.0,3.0,3.0,0.0,4.0,0.0
ISTJ,SJ,.:+*Sentimental*+:.,1fLe1ElXoO77nMvz06Kk8X,50,0.516,0.1535861122548227,0.455932,0.1999033505655844,-9.17192,3.6397741903495455,0.86,0.3505098327538655,0.05628,0.063566057558019,0.4082320000000001,0.3553129251712568,0.1676699999999999,0.1250904166870459,0.281284,0.201838556782597,118.13925999999998,32.69149878061355,0.0834988642,0.188841096379149,0.0,6.0,0.0,5.0,5.0,0.0,2.0,2.0,3.0,2.0,6.0,0.0,3.0,1.0,7.0,0.0,0.0,0.0,1.0,4.0,1.0,0.0,0.0,2.0
ISTJ,SJ,bruno bucciarati | character playlist ‚úÆ,61EYYdBVVsIFxWLmaKoaFL,37,0.4840270270270269,0.1966856610158688,0.5555108108108108,0.2472733505250411,-8.878027027027025,4.165516991299497,0.5135135135135135,0.5067117097095317,0.0580783783783783,0.0739973390480102,0.4068032432432432,0.3501742942137216,0.1962918918918919,0.1675926433322749,0.3752945945945946,0.248131214107404,118.50878378378378,34.729591657975625,0.1106925675675675,0.2481256324085076,2.0,1.0,0.0,0.0,2.0,1.0,3.0,1.0,0.0,2.0,2.0,0.0,3.0,2.0,0.0,3.0,1.0,1.0,2.0,3.0,3.0,1.0,2.0,2.0
ISTJ,SJ,leone abbacchio | character playlist,2i5l5yK6OBNuMtbT6GEYa8,30,0.5059333333333333,0.1119328411126074,0.6786333333333334,0.2029497106612159,-7.383966666666668,3.650720623084721,0.7333333333333333,0.4497764451088037,0.0487966666666666,0.027315796659194,0.1867993333333333,0.2489920134124695,0.1984233333333333,0.1741964540660785,0.3983133333333333,0.183361566185564,126.5357,26.840947995938773,0.196259776,0.3187349322058069,2.0,4.0,1.0,1.0,2.0,0.0,2.0,0.0,1.0,0.0,1.0,0.0,1.0,4.0,1.0,2.0,3.0,1.0,0.0,2.0,0.0,0.0,0.0,2.0
ISTJ,SJ,rei ayanami | character playlist,3BCpww3uQc3aoQ1mDPQbCq,40,0.517075,0.1795407799544902,0.57525,0.2317361176103721,-8.964099999999998,3.947624828249942,0.4,0.4961389383568338,0.06059,0.0524577866919238,0.380175325,0.3501052303557176,0.2018475,0.1571595171783865,0.34439,0.2285010293417874,122.75902500000002,34.55315176428212,0.1701401655,0.275152767866696,7.0,3.0,0.0,1.0,2.0,0.0,1.0,3.0,0.0,2.0,0.0,3.0,2.0,3.0,1.0,2.0,2.0,1.0,1.0,0.0,2.0,0.0,2.0,2.0
ISTJ,SJ,Mbti edge,4DjK4n3nbkuaibAt7ctnzH,16,0.5853125,0.1819082987844883,0.694375,0.1736363537204503,-5.307062500000001,1.531873513871168,0.5625,0.51234753829798,0.09024375,0.0860535567248675,0.15391159375,0.2441732762062779,0.1578,0.1065317042011438,0.5220625,0.2437776223665057,122.609875,33.19806081058551,0.0009960725,0.0029272390728113,0.0,1.0,0.0,2.0,0.0,0.0,2.0,1.0,1.0,1.0,1.0,0.0,1.0,0.0,1.0,2.0,0.0,1.0,0.0,0.0,0.0,0.0,1.0,1.0
ISTJ,SJ,illumi zoldyck | character playlist,6QPBEW9W3IjZBOVrlKwGTZ,32,0.42473125,0.184866740911288,0.5931124999999999,0.2623266465994811,-9.4116875,4.381514353305922,0.375,0.4918693768379647,0.05925,0.0562650180668638,0.282284275,0.3690294189988293,0.1874406249999999,0.1258209605066762,0.301571875,0.2217681981249718,127.59484375,37.9821131248172,0.4478406571875,0.3705136049011134,3.0,2.0,1.0,1.0,1.0,0.0,1.0,1.0,0.0,3.0,0.0,0.0,3.0,2.0,1.0,2.0,1.0,3.0,0.0,0.0,2.0,1.0,1.0,3.0
ISTJ,SJ,Ôº≠ÔΩÅÔΩôÔΩÅ,5vPGJc3yJOzL0eF5Nyr9m6,29,0.5542413793103449,0.1087354769193877,0.6090448275862068,0.2363415983973302,-7.820413793103447,3.709419982743176,0.7931034482758621,0.4122508203948855,0.0874586206896551,0.103771804996903,0.3659196551724137,0.3541640296880484,0.1741275862068965,0.1177350381654614,0.5095172413793103,0.2137522966776623,122.16696551724138,28.80523370783605,0.1356378224137931,0.2950981075124135,0.0,8.0,,1.0,1.0,,2.0,2.0,0.0,0.0,2.0,0.0,3.0,0.0,2.0,1.0,2.0,0.0,0.0,2.0,0.0,0.0,3.0,0.0
ISTJ,SJ,Jason Baldwin's Playlist,2vxMJhPE3mUgUWvKsGw8a5,50,0.55288,0.1257075712492599,0.49414,0.2514676925733468,-9.35718,3.8482564336571534,0.68,0.4712120714991611,0.055406,0.0559098341537697,0.47548434,0.3566433144687411,0.1869279999999999,0.1494878713802424,0.5156200000000001,0.2167743009469074,120.14628,24.3672975455856,0.012304496,0.0508951168081327,2.0,6.0,,2.0,4.0,,1.0,4.0,2.0,1.0,3.0,3.0,5.0,2.0,3.0,0.0,1.0,2.0,4.0,1.0,1.0,1.0,1.0,1.0
